-0.935229,0.239868,-0.059351,-7.383969,1.377863,-0.654198,0.935311,0.242736,0.063188,8.471776,2.164373,2.363814,1
-0.933765,0.251587,-0.028027,-8.721374,-2.728244,-1.640458,0.934791,0.263213,0.045806,12.537465,7.030954,9.744515,1
-0.913721,0.150952,-0.009229,-12.154198,-9.821374,12.774046,0.914588,0.165325,0.022398,17.188892,11.451969,15.405787,1
-1.011865,0.266602,0.177075,-61.490076,-3.816031,38.935115,1.048502,0.363158,0.218261,69.392889,14.061388,44.440985,1
-0.83689,0.42915,0.131128,-2.140458,28.554198,-12.19771,1.114315,0.525674,0.422461,28.173937,60.778834,45.768257,1
-1.003516,0.384155,0.245605,-15.487023,2.058779,-12.167176,1.379047,0.483557,0.277601,39.04621,61.625985,28.133747,1
-0.826855,0.36228,0.11897,6.682443,-12.256489,-13.051145,1.224434,0.467552,0.403284,39.420733,67.419893,45.529825,1
-0.730957,0.385229,0.124341,6.933588,19.30687,3.30687,1.163293,0.518498,0.299868,46.697204,54.299071,27.086356,1
-0.712451,0.246973,0.062939,-3.645038,-2.184733,-9.248092,1.155135,0.296119,0.354412,41.411866,50.314117,46.817706,1
-0.704712,0.337378,0.137842,14.330534,8.270992,-9.847328,1.198035,0.482992,0.286588,33.971419,66.645441,31.869684,1
-0.899463,0.513129,0.154681,-23.30687,-6.732824,9.579389,1.244926,0.769432,0.709843,53.468015,81.384244,43.59036,1
-0.978101,0.327271,0.040649,22.177863,2.584733,5.480916,1.373596,0.457336,0.446903,39.107989,42.484237,60.177737,1
-0.912256,0.180542,0.186621,-20.448092,4.871756,-3.948855,1.298111,0.338278,0.269898,51.024984,82.839175,28.049421,1
-0.836719,0.353979,0.168994,-13.748855,-5.542748,-8.777099,1.188036,0.605052,0.575969,46.569759,65.663949,48.867024,1
-0.731982,0.250757,0.13833,-0.974046,21.719084,-4.970992,1.14506,0.474775,0.299969,71.232778,99.383854,30.055104,1
-0.736865,0.203589,0.002783,1.796947,-3.658015,-6.238168,1.149759,0.275034,0.347572,62.626391,50.633158,88.884557,1
-0.595239,0.22417,0.109814,-2.11374,5.037405,-3.496947,1.206017,0.459439,0.229368,55.565269,86.565162,32.044335,1
-0.751123,0.423602,0.167572,-27.974046,3.815267,-2.242748,1.142823,0.694063,0.718175,40.814183,94.807241,52.681808,1
-0.573535,0.404712,0.248389,23.664885,-2.885496,-3.099237,1.030256,0.548786,0.642468,49.876852,78.755963,39.902859,1
-0.911377,0.413086,0.125366,-19.926718,2.70229,5.541985,1.322158,0.597001,0.486966,41.749886,88.038513,52.671227,1
-0.941357,0.225464,-0.219043,17.435115,0.767939,-4.336641,1.347701,0.333039,0.484985,39.688116,82.064368,73.299128,1
-0.789941,0.331958,0.136963,2.324427,4.237405,6.323664,1.183019,0.522896,0.376763,27.180647,56.963468,28.401332,1
-0.709521,0.156299,-0.084937,-9.946565,-22.942748,-2.01374,1.149032,0.239711,0.418867,38.946453,56.346397,79.758117,1
-0.546411,0.287549,0.131348,8.038931,24.793893,-9.29771,1.109794,0.480057,0.371827,42.470901,75.808335,33.770085,1
-0.736475,0.208008,0.039038,-13.501527,3.587023,0.343511,1.156677,0.284414,0.380296,35.076773,71.720386,58.639688,1
-0.736719,0.283276,0.128589,-1.115267,2.621374,-1.859542,1.163727,0.53592,0.432416,53.800356,92.40712,42.1197,1
-0.873437,0.469653,0.204614,-14.2,-12.075573,8.822901,1.307737,0.756473,0.558285,68.001412,93.112898,60.112611,1
-0.920801,0.27561,0.047583,19.632061,15.072519,-6.865649,1.32795,0.506088,0.32671,57.372302,66.583958,68.444443,1
-0.728662,0.269336,0.148096,-5.983969,13.296947,2.364885,1.166069,0.368354,0.286737,46.98945,91.727909,21.196354,1
-0.739893,0.252637,0.051221,-7.661832,-16.40229,-10.564885,1.172518,0.339907,0.375997,41.491271,68.667417,73.986613,1
-0.443823,0.293115,0.143994,-1.264885,13.780153,-4.389313,1.051862,0.489159,0.318513,45.264052,60.565722,49.521354,1
-0.671118,0.373193,0.159375,-19.933588,5.120611,-5.581679,1.136012,0.681282,0.564469,55.933844,81.272177,61.663785,1
-0.783667,0.416284,0.154541,38.120611,16.221374,17.59084,1.196705,0.675911,0.453341,63.009263,64.81268,75.936166,1
-0.845654,0.298706,0.146313,-25.300763,-9.687023,-12.409924,1.225945,0.5817,0.516495,73.061111,82.204212,69.878511,1
-0.829614,0.349463,0.106079,-13.627481,-19.022901,-3.4,1.186168,0.6628,0.603565,52.935287,68.821187,61.410108,1
-0.494019,0.356049,0.15061,-3.712214,15.055725,0.20229,1.040967,0.709734,0.414026,77.222296,84.584197,61.794604,1
-0.689136,0.215405,0.031836,-8.651145,7.658015,-10.90916,1.22596,0.259523,0.30891,60.493555,63.357021,65.54374,1
-0.834766,0.140918,-0.01543,35.685496,-6.500763,20.522137,1.25221,0.375161,0.302732,49.317274,67.792094,86.731805,1
-0.891455,0.232715,0.022363,-38.252672,-5.854198,-16.744275,1.285391,0.388892,0.538494,52.897495,96.691592,53.056168,1
-0.820752,0.210425,0.030688,-4.380153,-18.770992,-6.685496,1.196478,0.396311,0.303518,43.394067,54.659306,77.222843,1
-0.517383,0.177881,0.074756,-5.601527,17.831298,-4.20916,1.107979,0.494198,0.321367,76.717629,98.41534,67.840788,1
-0.695117,0.147388,0.025879,-11.731298,6.60916,2.965649,1.178587,0.301801,0.362885,45.49579,66.158791,78.170315,1
-0.949731,0.463354,0.094482,-2.351908,5.18626,18.216031,1.323324,0.685461,0.572607,46.143291,57.708191,78.439799,1
-0.894897,0.168555,0.145581,-24.041985,-7.598473,-9.135878,1.259819,0.446241,0.331002,48.544691,107.095969,56.82859,1
-0.762061,0.313159,0.095093,-20.323664,-8.419084,-9.689313,1.120092,0.456918,0.348467,35.904828,76.179092,80.597714,1
-0.41377,0.27417,0.145361,-4.858779,21.943511,-11.150382,1.036431,0.481933,0.450963,51.510751,56.753575,59.945958,1
-0.780713,0.13335,-0.007935,-29.146565,1.821374,11.951145,1.168969,0.294288,0.438326,57.752193,67.468482,88.934,1
-0.938843,0.253662,0.054248,18.571756,-1.594656,-4.477863,1.3179,0.509859,0.61909,52.302182,51.360866,93.634683,1
-0.714673,0.274146,0.191162,8.839695,19.487023,5.014504,1.053243,0.523868,0.554394,62.685656,58.093006,49.913743,1
-0.619604,0.391577,0.145117,-20.709924,0.596183,-9.158779,1.1104,0.762525,0.546074,53.820078,107.201501,92.630349,1
-0.595166,0.423047,0.228345,16.577099,-13.117557,0.209924,1.072048,0.79225,0.549706,49.621237,89.666909,61.997233,1
-0.955835,0.165137,-0.025024,-53.59771,3.945802,1.00229,1.390234,0.546073,0.363774,90.402153,126.459303,76.076602,1
-0.804321,-0.017725,-0.052075,-2.371756,2.7,-0.838168,1.178899,0.339307,0.339022,83.975159,40.937166,100.974119,1
-0.525757,0.281689,0.168622,-18.257252,29.542748,-3.219084,0.924059,0.557711,0.71656,36.618134,76.937046,49.790915,1
-0.61814,0.08147,-0.00376,-34.537405,9.130534,-5.543511,1.225212,0.457259,0.461427,89.275822,61.218065,97.67467,1
-0.577417,0.330298,0.173413,-11.525954,-4.468702,2.279389,0.971275,0.512965,0.51329,32.737085,81.518013,61.838674,1
-0.904077,0.288989,0.158472,-48.522137,7.469466,8.518321,1.348315,0.588727,0.427787,77.618109,77.393853,90.010322,1
-0.938306,0.081177,-0.101074,-3.473282,3.587023,-17.167176,1.312748,0.273744,0.455638,51.322241,70.062747,88.775399,1
-0.773169,0.138379,0.037744,-29.653435,2.238931,5.716031,1.178123,0.486534,0.461026,68.878909,101.158019,52.479175,1
-0.8875,0.114722,0.177661,-0.993893,-30.351908,-10.651908,1.27164,0.528635,0.712806,94.806627,69.43672,98.886384,1
-0.511011,0.182373,0.030981,2.753435,18.167176,-14.00229,1.105037,0.330433,0.1956,35.346092,78.47279,51.457049,1
-0.84624,0.189355,0.145337,-33.029771,-15.99542,23.773282,1.264077,0.389569,0.587232,77.890318,116.988046,79.733557,1
-0.825781,0.299048,0.105878,29.357252,18.803817,-1.531298,1.239293,0.562532,0.716698,76.676317,55.322698,88.072166,1
-0.771533,0.206348,0.156738,-16.699237,17.808397,-4.008397,1.168846,0.457501,0.425797,61.418239,65.36366,61.571138,1
-0.596924,0.273511,0.080225,-3.11145,1.236641,-14.300763,1.048562,0.433041,0.221996,73.222152,81.261339,94.200154,1
-0.491553,0.108496,0.045044,-0.847328,6.215267,-9.305344,1.113609,0.496149,0.22518,66.467323,75.780688,93.611524,1
-0.927515,0.163086,0.116504,-19.016031,-15.90458,14.21145,1.370187,0.357331,0.489284,63.596235,95.761666,89.603322,1
-0.800171,0.201318,0.029736,-2.787023,12.269466,-10.578626,1.092311,0.693657,0.6497,59.246686,98.109407,96.141417,1
-0.818799,0.190039,0.060913,-4.570992,11.201527,5.469466,1.268969,0.305832,0.454848,76.987787,100.72693,54.959678,1
-0.831543,0.237134,0.204346,-24.521374,-9.434351,-0.3,1.235518,0.555407,0.60658,82.058126,97.828473,89.029807,1
-0.302222,0.317651,0.129657,23.523664,12.169466,-11.809924,0.897967,0.662445,0.70569,48.530807,64.214908,66.542934,1
-0.733203,0.156177,0.060254,-13.324427,15.871756,21.71374,1.228129,0.393561,0.302145,75.308172,80.163524,114.019422,1
-0.975854,0.128101,0.128467,0.125191,2.847328,-14.575573,1.380435,0.604214,0.687623,60.280235,86.222577,102.551497,1
-0.655615,0.158179,0.128735,-51.374809,10.953435,12.19771,1.056336,0.341715,0.363968,71.740805,99.991786,59.795797,1
-0.559082,0.277612,0.136914,-45.541221,4.857252,-18.522137,1.02548,0.408412,0.393123,69.419229,63.949123,86.231252,1
-0.525513,0.353247,0.306714,-10.519847,-11.454198,1.538931,1.004122,0.681161,0.636905,48.960212,56.054403,76.953639,1
-0.894385,0.149048,0.120654,-23.505344,10.805344,-9.674809,1.259533,0.370102,0.310822,62.168868,113.532478,96.961735,1
-0.696021,0.061572,0.06416,-21.426718,-0.331298,-2.735878,1.092693,0.449964,0.224592,71.568721,61.291079,110.163789,1
-0.437842,0.137793,0.047192,0.564885,16.862595,-6.678626,1.074843,0.421222,0.25663,44.241803,83.657081,73.803308,1
-0.647241,0.214526,0.156055,-23.173282,5.570229,-5.525191,1.100958,0.429222,0.215644,56.778158,78.087589,95.280985,1
-0.919971,0.209644,0.158228,18.489313,-16.816794,-0.196947,1.337986,0.584855,0.379234,85.867073,92.393629,122.171817,1
-0.559961,0.09126,0.058276,-13.731298,14.654198,15.729008,1.005215,0.556739,0.278593,62.48795,103.805278,91.701572,1
-0.559381,0.157098,0.103094,-25.256489,20.948855,-23.280916,1.064642,0.515095,0.220033,55.330389,88.313168,97.082806,1
-0.866846,0.359033,0.116815,16.948092,-8.841221,15.945802,1.263516,0.653232,0.745842,44.963328,77.345157,90.989561,1
-0.734595,0.168329,0.216278,-18.678626,10.590076,-13.620611,1.146654,0.724616,0.694657,80.384419,74.921594,70.515042,1
-0.594727,0.304932,0.173413,-16.18626,-19.69313,-4.549618,1.01433,0.47597,0.373067,54.4118,66.48115,93.428575,1
-0.388696,0.222437,0.154199,3.620611,19.821374,-11.358015,0.923281,0.657625,0.560067,48.623383,63.928059,64.669762,1
-0.932495,0.311761,0.216846,-34.861069,-12.267176,7.728244,1.350069,0.781191,0.56117,74.051592,81.806369,117.998787,1
-0.801099,0.065869,0.011816,4.110687,-16.843511,-12.270229,1.186497,0.437531,0.350807,88.416474,62.657858,100.723769,1
-0.433374,0.168213,0.236353,12.522901,7.941221,-0.245038,1.044596,0.321678,0.394215,60.874156,98.279354,88.620362,1
-0.59895,0.260059,0.130542,-19.258015,24.221374,-4.139695,1.030538,0.503253,0.26848,61.680896,100.103192,109.505556,1
-0.935815,0.153467,0.052441,-6.937405,-9.077099,2.60687,1.329069,0.660197,0.37386,71.539653,102.712043,131.223376,1
-0.509399,0.214624,0.200317,7.657252,6.640458,9.607634,0.934316,0.6506,0.613931,50.006546,104.668519,92.252791,1
-0.618628,0.272046,0.156616,-20.617557,-13.232061,-19.829771,1.100681,0.464683,0.574801,66.865235,83.454991,108.360513,1
-0.594214,0.246582,0.2854,38.922137,4.128244,15.364885,1.070037,0.61712,0.649245,107.544656,48.955954,93.486407,1
-0.876733,0.033057,0.114014,-21.877099,-2.09542,-15.818321,1.278031,0.493957,0.312869,85.526583,102.018376,107.154044,1
-0.730273,0.198804,0.112671,-20.527481,-28.001527,4.326718,1.111094,0.429728,0.473558,59.35876,97.876254,87.398017,1
-0.340796,0.240942,0.152222,18.275573,18.112977,-25.058015,0.962225,0.484414,0.578521,65.409223,86.974325,67.881989,1
-1.016211,0.159326,0.093848,-27.532061,-16.455725,22.319847,1.388874,0.61999,0.618773,84.768608,104.113955,126.998786,1
-0.732764,0.036963,-0.05354,-0.651145,-4.265649,-12.328244,1.127516,0.310391,0.305861,73.260884,85.526103,112.617232,1
-0.372485,0.263159,0.260028,21.170229,17.232061,-14.100763,0.939914,0.513436,0.709753,66.461588,86.290754,73.272873,1
-0.653784,0.306787,0.063794,-27.499237,-0.032824,10.746565,1.027235,0.659644,0.292754,50.721418,74.332286,88.999608,1
-0.84978,0.307733,0.299652,13.841221,-20.537405,-18.330534,1.252137,0.818565,0.872894,73.396134,89.38992,110.226037,1
-0.540259,0.079248,0.132422,2.083969,13.274046,11.303817,1.005523,0.518164,0.379537,89.726626,120.801602,95.070339,1
-0.52832,0.250513,0.21062,-21.154198,17.847328,-12.658015,1.008512,0.645411,0.3572,80.969617,97.675878,122.436299,1
-0.760937,0.235791,0.133765,22.216031,-7.616031,23.781679,1.180486,0.497344,0.453643,77.683339,102.966318,114.430031,1
-0.777271,0.211108,0.21142,-3.625191,8.837405,-21.420611,1.188071,0.698611,0.733194,73.720033,74.173104,90.48907,1
-0.547559,0.175928,0.119849,-18.038931,-14.825191,-14.074046,1.013245,0.597944,0.42749,66.540831,66.344746,122.886709,1
-0.625684,0.182178,0.219019,36.138931,4.961069,5.712214,1.147604,0.361117,0.455454,64.967826,58.807708,104.491222,1
-0.919922,0.152368,0.129712,-25.961069,-10.771756,-9.869466,1.334637,0.509025,0.468131,72.581072,89.743045,94.059651,1
-0.653247,0.166113,0.182471,-11.569466,-13.112214,-4.832061,1.111841,0.409895,0.487406,87.434317,63.377148,89.949319,1
-0.315796,0.356049,0.180316,21.364122,12.9,-17.777863,0.841039,0.706712,0.683203,63.964636,75.574028,68.729214,1
-0.904712,0.024365,0.109741,-29.822901,-3.979389,18.966412,1.334344,0.558993,0.446196,68.662985,106.797162,134.208807,1
-0.630615,0.187646,0.035986,-14.742748,-20.177099,-6.464122,1.011363,0.439975,0.386318,74.481989,81.568169,97.132909,1
-0.447046,0.09187,0.072974,-0.29084,10.664885,-11.680916,1.102692,0.510995,0.376608,58.013016,104.850309,99.826577,1
-0.706128,0.030029,0.019629,-30.483206,8.443511,28.927481,1.188136,0.388658,0.355605,93.468106,122.678779,130.181107,1
-0.792065,0.057104,0.009717,8.819847,17.643511,-28.736641,1.219343,0.473722,0.310131,98.391352,63.794011,116.745559,1
-0.389233,0.091382,0.141699,-2.266412,-3.221374,9.025954,1.110211,0.554326,0.300037,79.851314,132.023186,89.413943,1
-0.518896,0.172705,0.038281,-39.970229,10.314504,-12.637405,0.971903,0.46934,0.514425,74.610511,102.086944,93.671722,1
-0.830298,0.392963,0.195892,11.935878,-10.00229,8.303817,1.219679,0.724043,0.790777,80.322051,80.347585,96.990869,1
-0.539868,0.208496,0.208179,-9.626718,4.601527,-1.103817,0.996985,0.817558,0.542977,90.315935,120.984573,91.105715,1
-0.547388,0.208228,0.220752,-21.422137,17.19084,-16.832824,0.998621,0.478553,0.355603,86.235853,102.609724,122.751113,1
-0.424023,0.3198,0.297821,20.348092,-20.084733,3.989313,0.990811,0.650608,0.802504,92.212173,104.596364,101.073086,1
-0.917065,0.061694,0.027417,-23.529771,-3.212214,-8.922901,1.320615,0.611066,0.600652,82.361154,115.739204,102.821885,1
-0.493872,0.183838,0.140381,-20.51145,-5.529771,11.672519,0.952698,0.603617,0.365716,86.412392,99.07561,120.003023,1
-0.307666,0.372992,0.276801,4.567939,39.937405,-26.680153,0.874948,0.82063,0.724573,72.884551,75.918606,68.666333,1
-0.886084,-0.057495,0.045728,-43.196183,25.124427,17.60916,1.32752,0.710863,0.403704,122.48378,139.723218,136.880835,1
-0.729907,-0.025464,0.103833,-15.808397,4.748092,-5.483969,1.083913,0.514784,0.247157,76.020238,106.558638,110.345049,1
-0.394702,0.23042,0.295288,-12.483206,23.869466,-4.653435,0.981965,0.353688,0.64681,64.75536,108.457657,64.040745,1
-0.760669,0.141113,0.217944,-32.887786,3.994656,6.331298,1.125813,0.481457,0.440727,85.62226,130.442396,94.302085,1
-0.688379,0.160327,0.210913,-20.879389,6.999237,-21.851908,1.28471,0.460007,0.396283,77.123203,97.068753,87.420001,1
-0.645435,0.000879,0.089917,-17.053435,-3.419084,7.30229,1.029166,0.445138,0.402033,89.444789,132.205696,110.782209,1
-0.920703,0.277606,0.205096,28.072519,-21.619847,-5.982443,1.274255,0.722265,0.714153,79.217709,98.699873,104.636901,1
-0.824951,0.292261,0.272333,3.683969,18.854198,1.760305,1.197684,0.46889,0.723626,82.318758,71.889183,44.484955,1
-0.537378,0.018408,0.128857,-30.071756,-32.312214,-8.345038,1.042164,0.229026,0.426072,64.546509,111.090624,111.247734,1
-0.35647,0.177759,0.061523,21.620611,8.951908,-11.147328,1.041437,0.446236,0.26572,61.515031,103.276195,100.880374,1
-0.720215,0.235449,0.444434,-27.959542,13.101527,25.472519,1.197116,0.580378,0.660248,68.966958,106.713818,122.10941,1
-0.816602,0.106421,0.057886,26.440458,15.767939,-26.049618,1.222258,0.337838,0.273619,65.844163,95.095164,115.43459,1
-0.689526,0.123657,0.255103,2.526718,18.019084,2.245802,1.141551,0.309343,0.579143,58.393352,115.930431,78.813267,1
-0.674658,0.075635,0.103979,-2.51145,-16.187786,-0.416031,1.063818,0.333893,0.491884,73.485925,84.452085,113.8679,1
-0.41499,0.087402,0.261664,1.329771,20.332061,-4.790076,1.005982,0.560549,0.70936,88.168886,106.088494,107.932818,1
-0.59624,0.239429,0.249487,-10.859542,15.732061,-12.064885,1.143439,0.469831,0.804393,84.40102,76.711826,102.125539,1
-0.8427,0.177979,-0.000415,24.629008,-9.338168,30.056489,1.340266,0.300724,0.450759,62.147084,98.736148,113.689294,1
-0.782275,0.115161,-0.059277,-31.80229,1.551145,-23.038931,1.22753,0.445753,0.713956,78.459356,113.542063,84.874751,1
-0.729932,0.097217,0.056104,-20.455725,-18.19542,-5.59771,1.144011,0.364992,0.623255,79.946666,46.872144,102.507118,1
-0.388867,0.264771,0.143726,-18.242748,21.78855,-8.377863,1.02502,0.501439,0.555349,58.82266,110.421848,77.657902,1
-0.633032,0.169092,0.053711,-45.566412,7.10916,5.240458,1.04523,0.340129,0.699948,87.819211,77.558664,95.646213,1
-0.811548,0.448975,0.183032,-1.935115,16.180916,-12.399237,1.231465,0.775161,0.706265,55.423764,97.955313,128.223454,1
-0.524707,0.256665,0.215771,-16.712214,15.187023,-0.528244,0.891613,0.554375,0.747714,41.08838,72.511629,56.755723,1
-0.488208,0.191748,0.149072,-33.954962,3.043511,5.017557,1.014705,0.458154,0.416424,83.306938,103.913237,111.404109,1
-0.697705,0.282617,0.047607,13.5,9.083206,12.412214,1.199408,0.588438,0.303811,82.724204,121.258071,110.814905,1
-0.817065,0.20144,0.196631,-8.669466,24.792366,-14.314504,1.175844,0.317412,0.496322,76.692297,91.926929,64.380182,1
-0.559351,0.216211,0.142334,-38.59084,-10.58855,-5.364122,1.025703,0.320817,0.264845,68.022149,63.708915,65.151676,1
-0.590991,0.08457,-0.019971,35.69771,-6.067176,-12.503817,1.142596,0.793669,0.753763,69.312813,115.56106,59.507928,1
-0.8375,0.184619,0.169019,-24.000763,17.01145,-8.21145,1.1746,0.462486,0.647881,62.714629,103.133605,62.429485,1
-0.65625,0.133081,0.023706,-19.259542,21.887023,-1.351908,1.076898,0.283986,0.331823,72.472373,42.436507,65.942481,1
-0.372534,0.228711,0.279834,12.730534,10.031298,-25.203817,0.800864,0.453395,0.625448,53.42344,64.23934,62.889919,1
-0.986719,0.033105,0.07417,-15.069466,17.157252,21.990076,1.352863,0.716022,0.729974,73.891484,113.251511,80.540886,1
-0.6729,0.015991,0.066162,-9.043511,0.583969,-12.156489,1.100866,0.383066,0.358311,71.83059,38.690707,58.71979,1
-0.278223,0.277124,0.385687,0.907634,20.531298,-0.269466,0.920773,0.359909,0.735306,40.268194,60.382512,52.278827,1
-0.763574,0.084033,0.111035,-48.066412,-24,22.128244,1.199099,0.519366,0.518778,64.825273,99.411026,100.709764,1
-0.927026,0.091064,0.103491,11.975573,-3.577099,-14.60916,1.335229,0.324138,0.219166,76.557284,76.937786,53.762974,1
-0.519482,0.274683,0.268896,21.291603,22.758779,-2.180916,1.040456,0.436131,0.634604,73.118608,108.72348,51.3854,1
-0.649097,0.112451,0.056885,-27.167939,-0.612977,-7.233588,1.100531,0.613767,0.594099,62.835075,141.431958,77.569768,1
-0.873022,0.114453,0.088672,12.626718,20.405344,-5.546565,1.32644,0.443073,0.360375,85.050791,66.267502,76.888327,1
-0.449658,0.294507,0.314355,19.856489,12.072519,-3.910687,0.975182,0.423146,0.662776,61.859626,75.789266,64.687715,1
-0.539331,0.212134,0.229175,-9.117557,19.245802,-10.951145,1.037486,0.461538,0.459384,60.334991,69.137312,75.595527,1
-0.946655,0.011035,0.152563,9.972519,-16.591603,2.147328,1.343205,0.297653,0.609703,80.384404,84.369207,83.355342,1
-0.546265,0.03999,-0.043921,20.722137,21.826718,1.130534,0.99348,0.523784,0.730773,73.473823,112.878454,64.263664,1
-0.534009,0.187354,0.208154,-41.572519,19.003817,-3.974046,1.050268,0.499879,0.379933,88.330609,118.031928,80.9504,1
-0.767334,0.086816,-0.093433,1.861832,-15.854962,-4.424427,1.168736,0.477357,0.692952,94.092366,103.459582,89.580691,1
-0.491064,0.120654,0.110132,23.40229,12.190076,-1.203817,0.93575,0.536541,0.928482,76.038438,134.281968,55.143035,1
-0.506201,0.065747,0.212354,-30.578626,33.725191,-2.840458,1.003872,0.530025,0.421278,59.852404,102.417248,74.822649,1
-0.969556,0.080493,0.003857,2.612214,-22.08855,0.475573,1.396382,0.447327,0.663059,92.752693,106.629398,92.575568,1
-0.485791,-0.004346,0.09726,9.79542,22.338168,-5.344275,0.9692,0.728988,0.855093,67.837301,111.626779,92.03066,1
-0.549463,0.016504,0.245825,-34.28626,7.755725,3.409924,0.982657,0.450742,0.409945,68.883171,117.702334,69.641331,1
-0.876172,-0.258179,-0.059717,-25.941221,-18.510687,4.703817,1.333425,0.793601,0.935477,97.314227,138.695406,94.888983,1
-0.443994,0.009009,0.069995,30.670229,32.474046,13.101527,1.024507,0.764953,0.676249,72.150767,121.297704,70.341647,1
-0.487939,0.201953,0.019556,-19.608397,-13.746565,0.850382,0.989718,0.749875,0.486021,63.588027,107.450316,85.258392,1
-0.871899,-0.221582,0.018359,8.564885,11.723664,-22.814504,1.268813,0.695805,0.338948,86.746714,79.069486,97.071592,1
-0.39646,0.070996,0.265845,30.832824,25.087023,5.965649,0.904349,0.591241,0.529076,78.213194,129.190566,47.773595,1
-0.504541,0.179419,0.142212,-20.454962,-11.447328,-6.426718,1.013793,0.611437,0.438916,59.823006,111.858412,85.492374,1
-0.950806,-0.098413,0.18811,7.276336,3.384733,-14.284733,1.354014,0.508252,0.548029,96.413624,105.990023,96.912408,1
-0.294141,0.226001,0.319971,11.412977,20.664885,4.720611,0.838195,0.594055,0.602051,71.859779,141.517005,49.957029,1
-0.636841,-0.013916,0.158496,-16.965649,-27.8,12.10687,1.099647,0.85151,0.612759,87.596411,156.592578,84.463188,1
-0.739575,-0.150439,0.066089,-20.124427,29.88626,-17.141221,1.182657,0.644922,0.410171,91.99286,91.762258,110.458706,1
-0.303516,0.231763,0.194189,40.633588,44.470992,-1.056489,0.939684,0.478957,0.750987,70.4827,129.475216,70.049033,1
-0.982397,-0.24021,-0.001392,-48.941985,-0.738168,11.658779,1.398277,0.804171,0.955472,116.133473,138.892741,82.414858,1
-0.614355,-0.0646,0.004346,-29.454962,-3.179389,2.400763,1.043242,0.490374,0.503002,82.808669,103.721767,69.632489,1
-0.307861,-0.046973,-0.053857,36.205344,24.178626,3.331298,0.976076,0.722877,0.732989,65.527939,128.990513,66.060239,1
-0.784058,0.160303,0.393109,-13.621374,-7.263359,9.639695,1.231374,0.679501,0.945476,78.699843,110.067537,103.535687,1
-0.586353,0.046729,0.103394,-33.49084,-12.619847,-7.234351,1.024186,0.363232,0.446881,73.822767,100.901939,67.613375,1
-0.253882,0.285571,0.251971,34.550382,13.364885,-16.021374,0.843464,0.467245,0.782707,46.069246,116.375933,46.105988,1
-0.812598,0.029028,0.311279,-28.477863,8.248855,24.385496,1.139065,0.456896,0.779902,84.679242,105.316937,78.775911,1
-0.648462,0.010596,0.090674,-7.961069,9.156489,-7.782443,1.099066,0.383303,0.422991,84.850786,38.28188,81.346517,1
-0.313208,0.199438,0.146484,5.673282,28.145802,1.667939,1.014609,0.510097,0.445443,51.036716,112.607392,75.529958,1
-0.946509,0.270166,0.243701,-53.153435,-42.754198,22.616794,1.301386,0.603225,0.4518,75.914475,107.535197,66.751835,1
-0.637695,0.209131,0.192578,7.009924,17.931298,-6.656489,1.135039,0.545791,0.597462,82.926609,98.634553,81.012886,1
-0.438379,0.244531,0.286914,19.670229,20.232824,-13.328244,0.922136,0.385765,0.605115,66.809037,54.352623,56.767816,1
-0.770508,0.306763,0.157983,-37.98855,-28.522901,12.379389,1.215434,0.436825,0.404635,52.783478,122.199239,89.495714,1
-0.823047,0.210181,0.204736,13.982443,13.268702,-11.29542,1.222836,0.408105,0.476312,88.667099,71.863968,95.033211,1
-0.588892,0.235889,0.270679,12.391603,10.151908,-10.432824,1.04151,0.488038,0.618304,74.630799,96.520246,56.663176,1
-0.560327,0.202637,0.089258,-30.267939,11.917557,-12.060305,1.001963,0.338764,0.353168,74.367802,81.873773,95.873695,1
-0.9604,0.156567,0.031714,-14.750382,0.343511,11.791603,1.329711,0.376995,0.258348,76.062033,156.747263,121.175688,1
-0.54812,0.21355,0.221063,-16.435115,14.309924,2.632824,0.916672,0.598971,0.71363,83.398796,79.942482,40.476421,1
-0.482031,0.236182,0.20918,-59.335878,15.882443,-15.245802,1.035025,0.350341,0.359662,85.229213,88.553046,94.058807,1
-0.829468,0.272974,0.187842,-0.153435,-8.869466,8.80687,1.254791,0.701348,0.611709,80.096066,127.066767,89.010918,1
-0.569116,0.285962,0.266943,-8.219084,8.555725,-15.930534,0.899638,0.590979,0.535179,83.722087,94.010562,42.881824,1
-0.454614,0.14209,0.190552,-20.59084,14.49542,-9.223664,1.005659,0.516338,0.518869,53.694014,108.070325,79.951697,1
-0.764551,0.294971,0.050415,13.238931,-7.046565,18.052672,1.277372,0.559747,0.619594,101.329726,116.337964,96.665153,1
-0.780176,0.267017,0.177338,-36.067176,21.4,-10.376336,1.208582,0.390315,0.816214,69.388954,90.053232,82.194798,1
-0.803906,0.140894,0.127881,4.321374,-6.001527,2.058779,1.21418,0.479869,0.606923,76.400022,97.138949,82.077917,1
-0.63208,0.233521,0.060474,16.267939,-0.743511,6.555725,1.049809,0.280456,0.495618,63.247713,113.069577,82.90161,1
-0.615698,0.257007,0.367285,-33.712214,7.603817,-8.298473,1.141481,0.356069,0.556097,82.59882,59.784849,89.338289,1
-0.717383,0.306421,0.313965,33.306107,-13.683969,-3.047328,1.162914,0.699711,0.65717,87.758986,74.169027,68.943378,1
-0.651978,0.242187,0.28725,-10.961832,5.425954,-16.952672,1.051566,0.443606,0.692219,70.916886,86.18976,90.815957,1
-0.723511,0.155957,0.089819,-9.272519,5.80916,-14.254198,1.097194,0.441751,0.323101,65.62811,56.124018,60.148925,1
-0.526318,0.181567,0.098999,34.28626,29.685496,-9.51145,1.014573,0.341046,0.548942,52.923337,107.756483,53.839567,1
-0.598608,0.20246,0.381854,-30.665649,18.461069,3.151908,1.051576,0.871123,0.748447,77.802933,121.804119,75.930514,1
-0.692773,0.457172,0.478748,34.540458,-20.870229,6.238168,1.168931,0.779184,0.92744,63.510046,120.299006,59.031518,1
-0.868237,-0.007837,0.015796,-40.475573,-18.645802,5.40687,1.304573,0.463166,0.630696,76.334733,125.223502,54.53465,1
-0.766064,0.093359,0.025952,15.022901,31.120611,-10.179389,1.157973,0.394557,0.28353,53.025824,97.349542,68.948149,1
-0.658789,0.094824,0.196753,22.510687,14.385496,-5.31145,1.047956,0.530832,0.369835,68.774084,99.496289,66.829256,1
-0.577979,0.083545,0.104297,-55.666412,19.40229,3.761069,1.058622,0.608551,0.342603,77.874137,89.451103,66.118114,1
-0.438745,0.273071,0.223291,12.20916,-9.873282,-8.749618,0.966914,0.4692,0.68413,43.398307,80.184527,87.887708,1
-0.98313,0.028833,0.128516,-56.855725,0.651908,2.565649,1.311746,0.681656,0.754341,103.205932,106.004839,69.914109,1
-0.634985,0.08877,0.00354,-41.346565,10.366412,-6.425191,1.028387,0.453177,0.48116,76.669273,65.087088,84.769069,1
-0.315845,0.096387,0.159839,28.764122,16.696183,6.729771,0.983447,0.803936,0.42141,43.642386,103.88052,100.529029,1
-0.798682,0.140796,0.325433,-25.08855,10.352672,18.629771,1.255603,0.436396,0.718206,90.963217,78.797384,110.939528,1
-0.832788,-0.012842,0.038013,-14.455725,2.057252,-31.916794,1.258588,0.507965,0.353103,86.622013,61.089604,91.080225,1
-0.514331,0.213647,-0.012817,29.652672,14.925191,12.90687,1.031265,0.529558,0.719349,78.438556,115.512454,69.925248,1
-0.648682,0.184741,0.243066,-39.189313,7.541985,-17.038168,1.099724,0.756181,0.367286,92.606115,81.015751,72.68064,1
-0.945752,-0.116943,0.051538,-7.601527,8.883969,0.467176,1.408484,0.606097,0.2086,105.563609,58.813242,86.704894,1
-0.647412,0.096631,0.102515,31.358015,4.522901,8.808397,1.028572,0.734341,0.536589,81.651072,92.938517,84.666174,1
-0.583228,0.208301,0.091943,-49.922901,13.809924,0.171756,1.054676,0.655665,0.295424,97.488872,58.664978,84.888464,1
-0.928052,-0.080469,0.014209,23.778626,-1.632824,-3.7,1.29991,0.641041,0.529599,92.833101,77.740743,90.508914,1
-0.764429,0.111768,0.251538,-10.658779,4.409924,7.487023,1.129694,0.566283,0.529033,87.19445,102.84694,91.421455,1
-0.569751,0.169092,0.160156,-47.472519,3.170992,-0.400763,1.005885,0.620219,0.33409,78.429331,57.933147,61.775644,1
-0.477197,0.258936,0.292822,-11.759542,-10.164122,12.640458,1.041213,0.462662,0.666422,83.889301,98.80052,92.029337,1
-0.793457,0.116284,0.284296,-13.438931,-0.554198,-5.422901,1.178255,0.365409,0.705508,82.738858,102.180145,60.889532,1
-0.609424,0.20686,0.238208,-16.730534,-8.628244,-0.512977,1.057323,0.462233,0.379051,56.991864,101.268445,64.911873,1
-0.463916,0.118286,0.068799,22.747328,3.11374,-17.954198,1.082839,0.471594,0.255551,59.217703,107.302985,89.591218,1
-0.951367,0.128247,0.141382,7.468702,27.051908,-6.990076,1.281548,0.50273,0.54088,72.676781,127.042465,91.771411,1
-0.664307,0.075293,0.179218,-11.670992,-9.964122,11.260305,1.131834,0.611705,0.699386,61.145128,89.781223,99.274604,1
-0.445532,0.12085,0.089404,26.380153,18.167939,-9.532061,1.051682,0.528167,0.358664,59.180358,99.27148,88.58867,1
-0.855029,0.285181,0.365057,-25.026718,-8.403053,5.775573,1.257169,0.580874,0.684937,104.678512,125.086679,89.966448,1
-0.700439,-0.022095,0.089282,-8.043511,-5.465649,-21.480916,1.104064,0.388307,0.384575,74.946879,70.556234,96.580583,1
-0.5,0.067163,0.156226,28.380916,6.841221,2.662595,1.050756,0.737399,0.355666,63.071273,97.629995,95.41389,1
-0.677563,0.21001,0.025732,-32.79771,0.431298,19.19542,1.119751,0.584797,0.45481,73.529533,110.665087,123.502091,1
-0.875122,0.095361,0.096899,-21.365649,9.480916,-7.945802,1.244941,0.414948,0.336663,71.438325,56.122097,54.988131,1
-0.4354,0.372412,0.169019,30.582443,14.848092,14.39542,1.18728,0.501081,0.368355,83.389127,104.526435,52.852503,1
-0.584015,0.339056,0.133173,-25.741985,2.150382,-9.90687,1.09163,0.443764,0.285521,57.118811,46.4823,34.063795,1
-0.958545,0.09541,0.169043,-2.696947,10.754198,-12.8,1.306967,0.301748,0.649576,39.169284,98.431039,67.407112,1
-0.709277,0.085962,-0.012207,1.061832,22.822901,21.657252,1.144655,0.257861,0.27552,41.370017,61.376541,53.533919,1
-0.653638,0.228369,-0.000806,-10.077099,-15.290076,-10.970229,1.045271,0.33251,0.380219,65.374519,78.118132,58.098373,1
-1.01311,0.186255,0.063232,28.617557,-3.28626,6.596947,1.443991,0.455759,0.460211,80.730097,68.601125,53.883524,1
-0.695654,0.170312,0.251416,-17.551145,2.772519,8.251145,1.041841,0.376245,0.615574,49.971298,71.353281,61.816606,1
-0.622681,0.105249,-0.12688,10.28626,-15.674046,-6.762595,1.007378,0.268813,0.544042,67.828599,62.433872,65.794554,1
-0.870801,0.23916,0.149976,9.241221,18.660305,5.519084,1.364712,0.668946,0.436032,64.356096,57.883977,55.580076,1
-0.98103,0.228735,0.085498,-32.318321,0.583206,7.342748,1.286233,0.363807,0.270314,78.836253,74.706744,56.564536,1
-0.687036,0.151172,-0.070728,7.519847,-14.946565,4.777099,1.075641,0.3053,0.329005,54.131806,59.265413,46.108224,1
-0.551367,0.169385,0.02749,22.462595,37.437405,-11.998473,1.067983,0.30767,0.29503,52.084252,62.371316,67.998064,1
-1.015845,0.143896,0.047046,-14.081679,-27.061069,0.158015,1.425145,0.236367,0.400485,90.239368,102.957534,66.632393,1
-0.843701,0.219019,0.188794,1.485496,-12.353435,14.026718,1.209487,0.520845,0.577392,40.329097,68.202257,62.121097,1
-0.551758,0.209595,0.131494,-17.705344,22.780153,0.080153,1.119271,0.368498,0.26306,50.713984,67.154831,52.410153,1
-0.925098,0.052466,0.026465,-22.278626,-5.48855,-15.323664,1.235688,0.294027,0.314962,77.946971,68.059665,45.261383,1
-1.024585,0.134717,-0.028711,51.105344,-1.233588,20.316794,1.382494,0.356389,0.283173,103.567559,64.491156,66.943556,1
-0.728247,0.204272,0.153149,-14.254198,15.849618,8.489313,1.186547,0.420789,0.270255,85.586627,78.490368,47.847771,1
-0.673853,0.231274,0.013843,-3.506107,-15.171756,-8.779389,1.070944,0.364484,0.44505,82.797248,77.435823,48.789659,1
-0.850146,0.086475,-0.106079,6.563359,20.741221,-4.268702,1.247104,0.424722,0.443756,62.208781,56.941958,57.737811,1
-0.985474,0.206274,0.112524,-25.325954,2.828244,13.059542,1.284027,0.370142,0.356865,49.340279,83.968501,49.429283,1
-0.640991,0.326489,0.114551,-7.074809,-26.630534,6.239695,1.011881,0.4822,0.331385,61.384584,72.043766,57.614563,1
-0.575024,0.320239,0.215698,-21.809924,33.053435,-7.126718,1.145038,0.688344,0.593586,74.834943,92.741447,59.186134,1
-0.944141,0.341016,0.201465,-20.683969,-26.012214,3.28855,1.297349,0.501144,0.539513,69.360045,93.230079,56.128089,1
-0.850562,0.147412,-0.1,8.067176,-18.90458,14.247328,1.2284,0.414356,0.488611,88.415232,69.712468,63.783651,1
-0.509497,0.118408,0.176294,-4.155725,32.549618,-7.158779,1.113378,0.275896,0.312583,53.684269,65.406338,65.993259,1
-0.794458,0.079687,-0.083911,-25.09771,6.951908,-6.621374,1.180358,0.328487,0.471613,98.184032,75.138208,56.046585,1
-0.945288,0.184985,-0.076831,21.255725,0.41374,11.794656,1.331414,0.522183,0.415381,53.211732,63.557971,72.404873,1
-0.63186,0.155908,0.188916,-18.770992,17.189313,13.655725,1.179717,0.277506,0.284204,67.584445,77.52377,60.755818,1
-0.723804,0.353247,0.067139,-25.135115,-9.638931,-14.480153,1.178737,0.602061,0.314303,78.213576,80.577274,55.628882,1
-0.972363,0.03125,-0.153271,31.40687,16.687023,8.90916,1.376007,0.376331,0.546975,79.246511,53.490852,66.127071,1
-0.875293,0.104321,0.171704,-46.024427,10.022137,13.016794,1.22295,0.225413,0.229312,74.698149,83.889757,56.805489,1
-0.560596,0.3758,0.298602,-25.135878,-7.585496,3.799237,1.048853,0.729426,0.689129,68.848213,73.150763,58.975248,1
-0.662939,0.355176,-0.030566,3.89084,32.848855,8.861832,1.17937,0.517494,0.38747,88.231389,64.906399,75.504304,1
-1.019678,0.087207,0.159668,-57.622901,-4.412977,-9.79084,1.370466,0.290527,0.368427,87.543069,74.119138,48.354691,1
-0.862769,0.16167,-0.140552,-4.642748,-15.544275,16.31374,1.209532,0.279562,0.415491,76.617731,70.302839,64.845802,1
-0.567505,0.296509,0.108057,-38.18626,40.81145,9.679389,1.134947,0.457983,0.326883,60.220049,64.468983,42.711076,1
-0.715552,0.187427,0.038721,-28.60687,-39.40916,-17.231298,1.01222,0.270204,0.535329,85.233131,92.512269,49.07263,1
-0.704297,0.152563,-0.010425,-27.396947,23.055725,4.696947,1.176122,0.444274,0.246182,54.92343,52.163534,39.189738,1
-0.755103,0.194238,0.017554,-4.723664,-10.074809,5.481679,1.07614,0.376315,0.310657,96.148435,113.200894,80.685244,1
-0.815039,0.350562,0.323315,-9.359542,24.732061,-8.785496,1.251355,0.640413,0.620252,63.980683,59.275036,50.972767,1
-0.780249,0.085937,-0.002271,-2.748092,-33.691603,0.144275,1.137057,0.339727,0.223688,99.778873,95.754673,37.258407,1
-0.988623,0.180518,-0.036401,24.177099,28.315267,6.134351,1.365243,0.535505,0.402353,32.86705,60.100119,39.086967,1
-1.00354,0.175122,0.204175,-28.592366,-1.449618,-0.724427,1.337772,0.345663,0.303654,72.765984,82.486311,35.696999,1
-0.725879,0.311157,0.040063,2.703817,-28.629008,11.454198,1.066487,0.542061,0.313735,95.92338,73.242337,63.29942,1
-0.512866,0.162085,0.101587,4.445802,18.483206,-7.049618,1.040583,0.361906,0.217689,56.079404,59.896137,64.648427,1
-0.834058,0.31106,0.181543,-24.749618,-11.135115,3.790076,1.112146,0.401702,0.292731,95.828604,74.368749,44.927516,1
-0.984204,0.112109,-0.111426,39.029008,7.880153,12.79313,1.346785,0.367665,0.367488,56.137116,54.026316,34.056221,1
-0.702832,0.146997,0.261786,-9.974809,-3.587786,-5.763359,1.057535,0.403261,0.661399,58.632645,109.943854,48.818246,1
-0.846094,0.120728,-0.212134,-10.632061,-25.984733,-6.776336,1.18624,0.291684,0.423377,51.851443,65.047493,44.924258,1
-0.553564,0.350195,0.244189,-7.620611,33.066412,-0.274809,1.17052,0.418694,0.466159,61.549094,92.717879,70.524295,1
-0.64248,0.345795,0.204877,-7.029008,-29.664122,-1.700763,1.065008,0.691629,0.682585,83.892014,78.052938,43.204246,1
-0.668628,0.258368,0.183124,-6.803817,26.761832,-3.060305,1.198657,0.804509,0.747979,70.068812,41.008023,49.80725,1
-1.002075,0.179053,0.183081,-5.393893,-10.981679,2.540458,1.346675,0.385875,0.350325,57.44319,78.86244,46.561421,1
-0.880786,0.130688,-0.105566,-4.68855,-1.753435,10.633588,1.247809,0.279091,0.27865,55.88004,70.018984,53.622476,1
-0.610986,0.262231,0.218262,-39.834351,27.471756,22.116031,1.057735,0.460854,0.405326,82.56563,77.975904,47.807178,1
-0.796631,0.242163,0.102368,-37.023664,-9.309924,-13.087786,1.177134,0.482608,0.264719,80.073138,79.435155,46.883842,1
-0.851221,0.145239,0.085522,11.364885,22.776336,-0.908397,1.33813,0.39916,0.289762,95.734477,49.604351,76.20064,1
-1.030176,0.067773,0.087964,-37.054198,-6.545038,5.565649,1.357153,0.289444,0.381903,56.164531,85.690351,48.195843,1
-0.751392,0.176733,-0.002588,-5.582443,-24.483206,13.108397,1.138387,0.275327,0.370622,59.418168,72.728294,58.349435,1
-0.582812,0.132983,0.077881,-5.484733,44.066412,-1.448092,1.145932,0.404551,0.343107,72.438971,66.686884,65.141662,1
-0.834277,0.087671,-0.060254,-27.654198,0.246565,-11.70916,1.163067,0.166485,0.365503,84.359266,81.001048,51.011138,1
-1.007568,0.170264,-0.045508,30.084733,12.256489,5.559542,1.384816,0.285153,0.33744,45.755605,69.002647,51.979678,1
-0.845044,0.107544,0.083691,-20.730534,8.968702,16.241221,1.227775,0.29038,0.275211,82.628956,75.990629,53.775872,1
-0.741919,0.221997,0.046533,17.818321,-7.978626,-0.535878,1.139993,0.387631,0.363071,57.155649,67.680204,48.150238,1
-0.754614,0.301099,0.063892,7.866412,33.458779,10.106107,1.178581,0.411047,0.287246,81.053428,65.195006,60.713321,1
-0.852881,0.275342,0.051733,-44.494656,-12.098473,-0.329771,1.152908,0.505083,0.326754,68.656667,88.498388,43.227798,1
-0.86272,0.086011,-0.125708,0.484733,-17.173282,12.958015,1.218547,0.369791,0.34201,66.524975,83.563084,55.985709,1
-0.408496,0.246045,0.138745,-17.89313,34.454962,4.564885,1.022784,0.367159,0.294134,76.827008,84.13816,51.909682,1
-0.762817,0.288672,0.218066,-22.425191,-0.235115,-11.779389,1.059888,0.580726,0.536051,56.487511,82.426226,49.455247,1
-0.978711,0.347137,0.197455,13.815267,-3.924427,6.960305,1.364854,0.702028,0.653224,62.457636,61.449936,51.445517,1
-0.826514,0.112012,0.078979,-8.909924,6.415267,-2.938168,1.143151,0.445224,0.243901,62.62584,66.051108,56.299968,1
-0.719434,0.339917,0.190137,5.61374,-40.346565,10.836641,1.03604,0.663711,0.566504,85.93054,77.306776,50.940375,1
-0.678442,0.15127,0.103638,-24.841221,36.543511,2.180153,1.135822,0.34802,0.205802,78.590991,55.210577,54.26952,1
-0.967627,0.136304,0.12251,-30.551908,-7.050382,-13.357252,1.301703,0.373151,0.564559,59.420699,96.171534,40.253457,1
-0.906714,0.300635,-0.016895,29.824427,3.736641,15.442748,1.196833,0.435448,0.326229,62.560494,63.736389,58.632364,1
-0.805469,0.168896,0.154468,-31.074809,4.11374,5.734351,1.100435,0.338396,0.318283,80.52028,72.891039,47.763428,1
