-0.945679,0.196509,-0.035449,-4.540458,0.170229,-4.025191,0.945856,0.197621,0.045127,6.762358,5.170441,6.235928
-0.943848,0.171265,-0.047021,-6.728244,2.667939,-2.266412,0.945611,0.177871,0.069447,10.858707,7.928270,11.029905
-0.993799,0.131543,-0.007666,-4.824427,-9.919084,-1.562595,0.998867,0.148104,0.086078,11.295547,11.744316,12.657298
-0.888892,0.193164,-0.011108,-20.667176,15.541985,-2.696947,0.892859,0.210361,0.092745,22.875274,17.067418,9.925752
-0.981665,0.213940,-0.063232,-9.670229,5.924427,4.997710,0.997188,0.242746,0.142253,17.377224,16.651150,13.093109
-0.920288,0.163232,-0.007275,-4.119847,-8.168702,-6.032824,0.927471,0.203332,0.079782,11.100730,16.428646,13.860245
-0.889233,0.202710,0.067725,-10.703053,6.995420,-3.946565,0.917325,0.223073,0.130610,19.194204,26.123138,12.717823
-0.878448,0.222235,-0.034821,5.094656,3.962595,-1.953435,0.942704,0.257928,0.124235,19.701176,13.407558,14.930489
-0.928760,0.191602,0.054321,-5.443511,-12.277863,-12.570229,0.942981,0.281697,0.154781,16.873798,17.718243,16.740091
-0.525397,0.080170,-0.001959,2.100000,7.088550,-1.138931,0.760350,0.117732,0.108730,11.967050,12.358763,10.845151
-0.889355,0.226904,0.024609,-5.261069,-4.157252,-0.775573,0.912517,0.253487,0.091399,23.752576,22.700971,20.545417
-0.977344,0.239282,0.078662,-10.450382,3.550382,-6.177099,0.999934,0.307718,0.149436,19.929768,25.710538,14.366314
-0.834503,0.212079,-0.016217,0.999237,13.142748,7.593130,0.905599,0.242952,0.126766,22.992036,16.628427,12.575964
-0.941675,0.182104,0.051270,3.542748,-21.679389,-10.034351,0.957630,0.230176,0.162622,20.943832,31.658306,16.472543
-0.707410,0.152136,-0.019202,-12.074046,14.177099,-1.712977,0.809078,0.215996,0.169839,16.842536,20.634222,15.589381
-0.922852,0.198779,0.015527,-2.380916,-4.469466,-0.540458,0.947898,0.219582,0.119261,24.745480,15.211009,15.811661
-1.008887,0.219678,0.051562,-12.947328,4.122901,-6.144275,1.023745,0.276822,0.162954,26.716594,16.766983,13.828001
-0.949585,0.240063,-0.067139,12.755725,3.452672,7.388550,0.990271,0.260032,0.173509,25.041385,11.812097,13.728613
-0.923364,0.203662,0.030737,5.345038,-10.052672,-9.487023,0.939613,0.275341,0.125136,15.957221,20.210430,14.778757
-0.828619,0.225092,0.000897,-23.010687,8.270229,-4.022901,0.894406,0.260860,0.155053,31.796348,19.786441,22.546691
-0.706116,0.195178,0.030603,8.422137,-9.768702,-4.464122,0.808703,0.273184,0.080213,15.138799,11.965620,20.180635
-0.991699,0.195312,0.031128,-5.856489,2.885496,-3.882443,1.012948,0.305936,0.149901,32.214034,16.539071,22.317595
-0.662958,0.157233,-0.066156,-15.066412,11.870992,2.483206,0.813157,0.245721,0.122145,23.696408,17.484817,8.810176
-0.529010,0.137177,0.030731,0.968702,-3.009924,-6.219084,0.753519,0.314178,0.113867,20.546715,12.954582,19.129762
-0.939380,0.165405,-0.068384,-5.930534,12.577863,-1.677099,0.974164,0.194899,0.150037,15.458874,17.979890,20.972439
-0.890308,0.205225,0.015430,5.175573,-5.266412,2.301527,0.913106,0.256594,0.151245,22.706293,18.002357,19.653226
-0.911133,0.215601,0.055762,-15.793893,6.995420,-4.885496,0.946054,0.340025,0.162835,26.645929,22.305432,21.645742
-0.833258,0.262616,-0.028082,2.445802,-0.248855,2.459542,0.905650,0.301593,0.163214,29.224075,27.117452,20.722815
-0.991284,0.178076,0.086304,-1.895420,-10.177863,-10.664885,1.004997,0.301424,0.158111,23.940564,15.071909,21.793608
-0.564618,0.099469,0.007306,-8.760305,13.380916,-1.646565,0.697913,0.190703,0.139041,18.172333,22.653592,12.319344
-0.570477,0.129059,0.001495,-4.494656,-6.659542,-4.409924,0.686512,0.206875,0.032666,13.835420,19.347554,17.512865
-0.715204,0.166998,0.079327,-9.022137,-2.328244,-7.429008,0.867229,0.259167,0.192208,16.059447,20.726903,17.277282
-0.590283,0.158325,-0.045923,-5.101527,0.081679,6.095420,0.782332,0.233590,0.100283,17.435102,8.528413,14.169913
-0.906940,0.177997,0.080804,-4.254198,-8.509924,-9.857252,0.963926,0.292392,0.141244,18.786459,13.127615,18.297185
-0.587988,0.121289,0.001318,-1.863359,10.073282,6.575573,0.781090,0.166020,0.136827,18.837824,15.461754,13.532527
-0.884570,0.197803,0.007715,5.845038,-7.461832,-3.634351,0.909624,0.254256,0.072987,17.231436,25.073776,16.273761
-0.875537,0.248901,0.056885,-18.817557,8.307634,-6.195420,0.899219,0.302824,0.155572,23.888979,17.698575,15.162934
-0.865778,0.247919,0.009198,16.737405,-1.243511,1.200000,0.956372,0.290026,0.188082,24.467974,22.876543,18.901966
-1.011865,0.173950,0.080054,-8.625954,-7.370992,-5.444275,1.020893,0.261630,0.162728,21.855050,13.978535,14.456569
-0.582660,0.165021,-0.026361,-6.120611,13.719084,1.849618,0.712415,0.208055,0.130185,29.192987,19.321120,11.491318
-0.874756,0.177075,-0.016870,3.800000,-10.200763,-3.961832,0.897614,0.232995,0.064297,12.891180,21.108744,21.277248
-0.818121,0.234491,0.086591,-18.544275,2.770229,-5.196183,0.889229,0.303178,0.165783,24.262130,22.583102,18.465050
-0.713446,0.194073,-0.007806,5.522901,6.267939,4.194656,0.875714,0.271778,0.147427,18.545398,17.796019,16.645788
-0.962964,0.164575,0.057959,0.574809,-12.944275,-10.257252,0.990323,0.269155,0.136722,16.964219,19.266458,17.615827
-0.975830,0.142896,-0.066089,-10.153435,21.941221,5.722901,1.030826,0.203947,0.212177,33.991166,26.518958,21.302898
-0.854468,0.235132,0.026416,0.908397,-10.476336,1.523664,0.867647,0.299990,0.104139,16.732353,17.954663,18.596954
-0.909448,0.247583,0.086768,-11.105344,3.145038,-8.435878,0.946142,0.302671,0.148847,22.003844,21.858002,17.987426
-0.996021,0.257471,-0.045483,9.192366,4.916031,1.913740,1.023595,0.296646,0.168002,19.084765,18.647867,15.951978
-0.934766,0.183643,0.076416,2.395420,-11.530534,-10.494656,0.951143,0.259789,0.143793,15.626071,19.516990,18.143228
-0.966284,0.165625,-0.046143,-17.689313,17.778626,2.479389,1.016075,0.206578,0.176759,29.065792,23.232786,12.836294
-0.850146,0.247559,0.048291,6.057252,-11.232061,-0.012214,0.869698,0.305590,0.112445,22.879679,29.864499,19.448004
-0.934692,0.217554,0.088110,-22.933588,6.795420,-5.800000,0.973932,0.273327,0.160696,28.898224,19.896025,16.334221
-0.996729,0.242139,-0.020483,0.407634,8.850382,0.436641,1.019167,0.270757,0.159459,28.200178,14.804676,15.210388
-0.923022,0.166602,0.067236,0.848855,-14.758015,-8.310687,0.935009,0.242163,0.130897,16.666091,20.474444,17.712760
-0.924683,0.182495,-0.020020,-15.135115,14.119847,0.634351,0.953092,0.207540,0.157709,31.390608,18.436923,11.906744
-0.900342,0.216504,0.053345,14.560305,-8.913740,0.182443,0.934562,0.254817,0.093575,21.165979,20.034682,19.539317
-0.954517,0.220654,0.098022,-10.377863,8.253435,-7.274046,0.976270,0.266290,0.169181,24.723739,20.427299,16.327285
-0.986694,0.235278,-0.053931,7.222901,10.873282,7.971756,1.014171,0.285770,0.153565,18.051097,17.984903,16.031264
-0.937500,0.153589,0.007422,-0.509160,-14.824427,-10.026718,0.959874,0.198879,0.104242,9.086657,17.912109,16.038229
-0.859131,0.214624,0.007373,-9.119847,9.507634,-4.657252,0.893743,0.231298,0.148163,14.052077,19.628327,8.969016
-0.943164,0.240405,0.008081,16.934351,-5.919847,-3.857252,0.979584,0.272643,0.135241,19.147449,22.098408,16.106844
-1.046118,0.187158,0.074292,-2.738931,-1.661832,-1.836641,1.066463,0.234480,0.169467,22.441516,20.483790,18.182268
-0.890576,0.208569,-0.023901,5.212214,15.229008,-1.681679,0.962289,0.233304,0.117238,29.927832,23.973910,16.496427
-0.918115,0.070557,0.017432,-7.532061,-11.569466,1.667939,0.938510,0.275527,0.098247,47.137302,20.135995,35.664644
-0.939429,0.158081,0.040430,-25.978626,7.145802,-6.848855,0.951969,0.234798,0.123499,28.167634,19.428340,19.816302
-0.972437,0.221558,-0.045996,-0.618321,5.201527,10.605344,0.999987,0.248885,0.129207,16.876874,11.989361,18.294192
-0.948364,0.167847,0.019922,0.062595,-9.609924,-10.278626,0.966045,0.241277,0.110299,10.900576,17.210102,18.351942
-0.920483,0.170947,-0.022925,-8.779389,9.950382,-0.222901,0.937544,0.206629,0.132504,17.657973,15.051023,13.703241
-0.913477,0.208936,0.018457,-2.745802,0.017557,-0.528244,0.923002,0.251545,0.107986,19.609003,19.416905,21.589090
-0.961084,0.222339,0.049658,1.855725,-3.213740,-5.029771,0.980192,0.279195,0.114760,13.928442,14.973485,13.374513
-0.965430,0.218384,-0.061597,3.621374,10.204580,8.406107,0.989667,0.245470,0.133151,18.098143,12.108534,11.941112
-0.949512,0.150000,0.001782,-2.341985,-9.619084,-10.126718,0.965041,0.220513,0.091683,12.693340,13.025299,16.867316
-0.875366,0.226880,-0.035474,-8.058779,8.219847,-5.070229,0.891659,0.249788,0.127731,12.349977,15.998273,13.854042
-0.951465,0.220142,-0.001172,7.100763,-6.290840,3.652672,0.979031,0.258529,0.122559,20.960950,23.045973,17.978834
-1.005444,0.210645,0.061938,-10.018321,1.257252,-9.002290,1.016019,0.298570,0.113679,24.383066,13.567761,18.540298
-0.935010,0.193018,-0.076318,7.292366,13.119847,5.787786,0.974493,0.203543,0.134097,27.407037,15.974981,14.868299
-0.942334,0.119604,-0.032935,-6.135115,-8.284733,-9.706107,0.959528,0.208666,0.058615,18.142704,14.672665,20.282504
-0.860254,0.227686,0.025659,-13.075573,1.824427,1.227481,0.884885,0.275034,0.143571,15.108602,17.862568,14.745953
-0.969214,0.262939,0.029834,1.567939,1.833588,-1.296947,1.003833,0.283291,0.127009,22.600610,22.640198,17.956798
-1.008594,0.214453,0.112402,-5.314504,-5.454962,-8.416031,1.021301,0.282436,0.160775,13.021224,16.237370,18.764286
-0.942749,0.175415,-0.073413,4.758015,14.880916,6.817557,0.990285,0.228639,0.134548,20.070346,21.375929,14.988854
-0.905151,0.173950,-0.018213,0.921374,-8.323664,-6.104580,0.924761,0.225595,0.070631,10.781421,15.442490,18.904298
-0.896606,0.222339,0.059668,-14.462595,4.344275,-5.051908,0.925301,0.273295,0.143409,18.252575,22.946319,16.730717
-0.991016,0.245190,-0.048730,10.568702,4.316031,0.938931,1.020230,0.268192,0.133074,20.366216,20.166906,20.268298
-0.942407,0.186792,0.050195,-5.580916,-8.578626,-7.592366,0.960935,0.288964,0.129298,14.259516,15.644951,15.315905
-0.952075,0.197729,-0.087183,-5.339695,11.742748,2.222901,0.975413,0.238673,0.150274,24.749605,18.712015,10.090743
-0.881641,0.228857,0.007349,3.787023,-5.180153,-1.662595,0.902360,0.272413,0.078820,15.767213,20.975876,19.568638
-0.980103,0.213232,0.064502,-11.576336,0.908397,-5.119847,1.002401,0.300027,0.128992,16.446380,20.851239,17.718096
-0.956152,0.235156,-0.064038,5.822137,8.375573,3.911450,0.981388,0.294326,0.165432,24.220196,13.616234,7.424169
-0.952686,0.137817,-0.014404,0.494656,-10.658779,-7.679389,0.968062,0.212307,0.049385,14.762573,13.738768,12.062315
-0.873950,0.198608,0.015918,-8.704580,8.716794,-3.790840,0.889795,0.226578,0.153445,13.861014,21.433549,14.799064
-0.955762,0.201050,-0.008423,8.372519,-2.267176,1.590076,0.980211,0.269884,0.107890,16.250781,17.168813,16.601142
-1.020337,0.175464,0.065601,-8.106107,-5.840458,-6.923664,1.030815,0.280837,0.110632,22.905390,12.296136,19.227231
-0.943018,0.193774,-0.054907,-12.964885,12.598473,7.622901,0.970303,0.259077,0.143929,36.815710,19.907867,13.085410
-0.889819,0.166504,0.000000,5.353435,-6.507634,-4.842748,0.906801,0.214419,0.061701,17.206127,16.596479,13.372665
-0.906689,0.225684,0.072876,-21.816794,9.690076,-4.786260,0.932841,0.279346,0.139271,22.547773,22.051977,14.086078
-0.980811,0.245264,-0.035693,-0.419084,3.281679,-0.453435,1.008460,0.261699,0.108074,19.477778,16.130814,19.666990
-0.953296,0.173291,0.065991,-18.190840,-5.342748,-5.689313,0.967054,0.250708,0.136377,25.610513,13.005388,14.172632
-0.918262,0.176782,-0.070703,-19.440458,13.521374,2.025954,0.937500,0.198006,0.141731,32.913933,17.713070,6.617813
-0.890088,0.208887,0.025073,10.411450,-8.722901,0.366412,0.921954,0.249804,0.072126,20.145678,19.915798,16.370629
-0.996655,0.205835,0.099951,-26.423664,9.021374,-4.637405,1.016286,0.253016,0.176723,32.754191,23.169792,14.451166
-0.943628,0.221631,-0.038354,-17.428244,10.162595,6.019084,0.981720,0.300035,0.170832,37.660074,22.442532,17.794644
-0.936670,0.179199,0.032104,-1.424427,-11.455725,-6.583969,0.947823,0.307467,0.113258,19.622788,16.459620,14.148218
-0.906982,0.201953,-0.014453,-22.575573,13.864122,-5.276336,0.933520,0.224677,0.152374,27.082646,20.568772,19.705096
-0.906030,0.233936,0.040308,12.988550,-9.129008,2.823664,0.939064,0.289435,0.088527,24.935837,27.431053,21.231712
-0.983276,0.217065,0.088159,-18.095420,6.693893,-6.860305,1.009657,0.297596,0.139145,29.898975,23.836051,16.524240
-0.971655,0.256445,-0.020068,1.014504,6.764885,5.838168,1.022389,0.273224,0.140800,33.951600,20.848131,14.313837
-0.950952,0.152734,0.036401,6.190840,-16.026718,-10.964122,0.975714,0.231342,0.107206,21.909964,20.774947,18.132952
-0.863916,0.214380,-0.007349,-11.879389,13.349618,-2.481679,0.884134,0.238028,0.146921,21.715064,22.279102,16.489951
-0.928125,0.206836,0.018140,15.894656,-5.259542,0.932061,0.970296,0.269044,0.091306,25.737775,21.250376,17.143413
-0.990796,0.237769,0.071631,-8.364885,2.190076,-6.261832,1.020270,0.293821,0.149916,16.422745,17.275008,18.515234
-0.975073,0.249243,-0.037988,-1.538168,11.358015,8.101527,1.012694,0.291481,0.169364,20.206386,21.518173,16.227508
-0.914380,0.193652,0.042236,6.629008,-15.358015,-10.979389,0.935453,0.334234,0.104170,25.961272,22.013869,13.060245
-0.918091,0.181372,-0.048462,-12.450382,13.132061,-2.645802,0.946241,0.241421,0.165874,21.629806,16.776326,14.582766
-0.904614,0.205591,0.035254,2.833588,-4.292366,1.867939,0.942397,0.250463,0.080026,17.148889,20.223443,17.428673
-0.984790,0.226929,0.072852,-10.293130,3.377863,-7.246565,1.005602,0.329326,0.153002,25.948946,19.705758,19.232146
-0.978906,0.233691,-0.040625,-3.631298,13.587023,7.144275,1.010166,0.254014,0.143539,29.329208,20.888852,11.570547
-0.926587,0.167651,0.019434,2.505344,-17.814504,-8.844275,0.945950,0.310298,0.112002,28.344369,22.096072,14.568775
-0.908521,0.195142,-0.012866,-17.151145,13.912214,-2.335878,0.929064,0.231957,0.143433,20.360309,18.482728,16.228344
-0.901392,0.221558,0.014771,6.974809,-4.613740,3.308397,0.925060,0.271766,0.121223,23.378885,23.465144,21.150513
-1.012695,0.217920,0.079297,-18.547328,1.426718,-7.732061,1.035080,0.270754,0.140280,26.739847,16.873629,15.237214
-0.928418,0.212305,-0.045459,-14.138168,19.019084,4.384733,0.949458,0.260268,0.186430,30.517788,24.117520,14.339148
-0.934888,0.131543,-0.038330,-12.371756,-11.226718,-4.458015,0.952950,0.185863,0.093381,18.325313,16.136969,14.791186
-0.885840,0.244287,0.087207,-40.503053,14.960305,-2.057252,0.909154,0.340225,0.238548,56.251339,33.879481,21.337352
-0.983081,0.257544,0.017017,-5.034351,2.629008,-0.967939,1.010912,0.284541,0.174005,24.766703,21.642598,16.398202
-0.985986,0.178564,0.069434,-12.735878,-10.410687,-10.957252,1.001149,0.249909,0.141691,21.203917,17.572560,18.968711
-0.876123,0.142432,-0.086816,-24.639695,19.764122,6.184733,0.890853,0.197319,0.150382,35.786832,23.938458,11.865709
-0.885986,0.218896,0.053442,4.896947,-12.467939,-0.569466,0.911871,0.270241,0.082087,22.597553,26.374309,14.581214
-0.986914,0.203271,0.093091,-27.553435,12.446565,-4.154198,1.009303,0.238449,0.171243,33.382317,24.576428,16.927271
-0.967529,0.245581,-0.017358,-10.119847,12.987023,5.028244,0.991625,0.276982,0.150021,25.464691,23.241029,14.112952
-0.935815,0.160205,0.006519,4.690076,-13.348855,-7.605344,0.945986,0.215174,0.080438,20.305222,22.940895,15.455634
-0.874097,0.207861,0.000586,-24.733588,10.680916,-3.782443,0.888842,0.237816,0.132307,27.087678,19.070548,14.258035
-0.940259,0.225684,-0.002515,10.885496,-2.627481,1.585496,0.967552,0.307762,0.136085,25.294704,14.111953,8.564223
-0.958398,0.197461,-0.003613,-13.055725,2.576336,-14.279389,0.969065,0.308599,0.181069,39.968716,19.933941,21.757162
-0.991357,0.079077,-0.147729,-2.189313,5.969466,9.783206,1.009922,0.166719,0.221095,22.179203,11.396096,14.452012
-0.854907,0.249683,0.055713,0.109924,-9.251145,2.087023,0.859963,0.335748,0.144842,20.462472,23.883351,24.207922
-0.980054,0.251514,0.069214,-18.442748,2.752672,-7.437405,1.003384,0.298896,0.156323,26.289554,16.380658,16.642356
-0.975659,0.258105,0.001245,6.900763,5.599237,4.661069,1.007014,0.292538,0.146155,20.469755,11.006125,15.108621
-0.981421,0.144727,0.024951,2.227481,-12.203817,-4.500763,1.019053,0.194375,0.186546,23.691343,16.176062,16.027903
-0.863599,0.294971,0.014111,-11.367939,21.679389,-2.606870,0.871166,0.360563,0.183337,24.401135,28.049781,15.616970
-0.941406,0.311646,0.065820,5.918321,-16.298473,-0.786260,0.956255,0.364963,0.158548,27.489564,26.291439,29.841122
-0.936719,0.213110,0.091748,3.369466,-2.110687,-13.606870,0.961048,0.269081,0.176736,19.620547,14.105761,18.355043
-0.939014,0.188647,-0.034790,-7.192366,16.322901,1.657252,0.978348,0.195753,0.130423,23.731887,22.058891,8.962378
-0.848193,0.202002,0.043311,4.773282,-4.385496,-2.382443,0.858240,0.243635,0.105364,18.694032,13.580306,18.694848
-0.957861,0.194043,0.088770,-12.009160,4.553435,-6.097710,0.990304,0.276572,0.155303,16.752525,22.127963,19.454227
-0.998560,0.241040,-0.047241,3.936641,8.347328,9.262595,1.033556,0.306097,0.117022,24.823093,14.136348,19.392329
-0.932959,0.171631,0.036743,0.445802,-16.725191,-10.312977,0.953895,0.211580,0.108622,17.796490,20.563012,16.523059
-0.889453,0.214282,-0.020264,-7.410687,13.562595,-3.122901,0.929386,0.235163,0.141156,13.402048,25.821204,13.785001
-0.932935,0.210010,0.008081,0.590076,-2.431298,2.831298,0.957308,0.257797,0.145700,24.653478,19.738197,21.381258
-0.985107,0.197729,0.068286,-4.561069,0.673282,-8.406107,1.007143,0.314889,0.146747,20.425628,19.754899,24.944242
-0.948877,0.197412,-0.024365,3.139695,7.587786,1.877099,0.973919,0.238320,0.139594,30.045680,18.866665,21.242235
-0.933667,0.182593,0.006323,-5.818321,-5.893893,-4.463359,0.944299,0.262872,0.067224,21.141125,14.383796,16.616221
-0.881152,0.180029,-0.017017,-11.266412,13.466412,-5.456489,0.904047,0.213430,0.124697,15.512542,20.533760,18.683896
-0.942505,0.202686,0.018359,14.690076,-3.439695,-2.476336,0.976324,0.317245,0.135726,43.413999,20.747727,26.698141
-0.981274,0.135083,-0.062256,-6.951908,1.883206,-7.503817,0.997809,0.247233,0.143122,20.387760,14.908729,15.143553
-0.982764,0.177100,-0.059473,-6.092366,7.093130,11.854198,1.004925,0.198566,0.141398,28.589452,21.698404,23.869795
-0.950171,0.163843,-0.029565,4.239695,-12.816794,-3.503053,0.974060,0.204264,0.084671,9.733369,19.330390,16.473620
-0.849243,0.263770,0.058130,-23.681679,14.577099,-4.166412,0.877331,0.280728,0.157748,28.180848,24.993213,11.497609
-0.997217,0.252783,-0.032056,13.032824,-8.135878,-0.316794,1.030024,0.291696,0.155780,21.494454,14.878005,17.888359
-1.010938,0.220752,0.059863,-4.998473,-5.335115,-7.261069,1.036789,0.318678,0.211911,22.599630,17.595647,16.064986
-0.914331,0.223608,-0.038989,-13.049618,10.587023,10.924427,0.958653,0.263616,0.134957,20.126373,28.518421,18.987189
-0.848560,0.304517,0.091602,6.851145,-1.742748,-9.777863,0.897400,0.329536,0.107529,29.544204,9.728622,26.737428
-0.981226,0.231470,0.084961,-15.664885,-2.092366,-9.821374,1.000904,0.325663,0.136865,30.337692,12.202974,16.860784
-0.942041,0.207593,-0.022754,7.964122,14.272519,7.562595,0.974215,0.237808,0.137699,25.995726,17.955269,13.963714
-0.951953,0.140308,-0.007349,-8.306107,-7.663359,-8.051145,0.978859,0.193437,0.068502,17.075419,18.381639,21.049937
-0.831860,0.242554,0.050269,-27.161832,11.107634,1.141221,0.852057,0.306874,0.173928,28.776459,18.588614,19.979993
-0.957935,0.274536,0.011694,-8.609160,4.354198,-3.546565,0.986121,0.356389,0.174357,24.191714,28.751826,22.979973
-0.989893,0.153198,0.088599,-15.073282,-5.748855,-7.792366,1.007515,0.282316,0.222068,32.547361,23.382475,23.729165
-0.962622,0.209937,-0.044092,-19.500000,17.451908,9.583206,0.977791,0.237865,0.179286,40.096018,32.113114,16.467956
-0.886108,0.169531,0.012939,-15.963359,-7.462595,-2.199237,0.902983,0.203507,0.038965,24.274747,20.763536,8.833871
-0.898022,0.244336,0.105469,-40.519084,13.552672,-6.451145,0.936325,0.286649,0.182144,44.569414,28.127454,19.044477
-0.978516,0.259668,-0.000122,1.432824,0.425191,-0.223664,1.017863,0.289988,0.166282,18.502723,17.890259,17.847793
-1.008130,0.175879,0.083496,-6.334351,-6.806107,-9.293130,1.037027,0.281650,0.156940,23.188914,18.084513,14.063457
-0.935937,0.195142,-0.022681,-13.431298,14.143511,6.457252,0.970966,0.206303,0.146362,26.931591,20.646621,11.719068
-0.876855,0.213306,0.031250,-0.564122,-8.093893,-0.668702,0.900590,0.272664,0.059092,20.722391,22.818599,21.175947
-0.896118,0.250562,0.097314,-27.703053,6.091603,-6.709160,0.912992,0.326439,0.166642,29.924422,15.969817,17.263160
-1.001831,0.286597,-0.008325,6.594656,7.749618,5.309924,1.037631,0.308002,0.133324,29.552688,17.381887,18.954645
-0.930444,0.187476,0.042114,1.580916,-10.365649,-7.707634,0.957616,0.256057,0.141243,15.101400,15.196114,18.280029
-0.893970,0.182104,-0.047803,-18.873282,13.669466,-1.496947,0.911441,0.202183,0.150385,25.582619,18.998098,13.480558
-0.911646,0.225439,0.038574,8.398473,-0.575573,-1.970229,0.943630,0.282819,0.116540,17.632197,19.469582,16.456985
-1.002319,0.262549,0.071558,-5.385496,-1.245802,-3.589313,1.020419,0.304742,0.146001,11.442630,23.287146,14.915793
-0.951196,0.201807,-0.041870,-8.846565,10.296183,4.924427,1.001259,0.229479,0.128865,34.596137,19.611347,15.482033
-0.943530,0.154834,0.005493,1.879389,-10.669466,-7.277099,0.966006,0.235722,0.072146,19.880300,18.684039,18.303324
-0.839551,0.238599,0.042627,-24.407634,9.718321,-4.932824,0.864082,0.270167,0.167301,30.463207,21.671205,19.732164
-0.950977,0.262183,0.013867,12.403053,-6.011450,-0.003817,0.994427,0.299603,0.166849,21.563091,20.290933,17.649760
-1.022461,0.206470,0.070459,5.901527,-6.006107,-9.030534,1.039270,0.302339,0.165572,21.265996,13.124810,16.834459
-0.927808,0.188672,-0.046338,4.954962,12.595420,6.001527,0.960906,0.229467,0.205854,16.757378,16.195022,14.675372
-0.892114,0.217212,0.016821,6.077099,-8.906870,0.926718,0.915510,0.251642,0.062339,16.712975,23.581486,17.959386
-0.878857,0.262744,0.129150,-24.622137,6.427481,-4.822137,0.897842,0.308785,0.181432,26.116323,23.521551,17.520629
-0.985376,0.247583,-0.045166,1.170992,10.524427,0.858015,1.009602,0.293544,0.192056,19.801126,20.631663,16.119525
-0.958716,0.228857,0.075781,-10.551908,-12.926718,-10.771756,0.991674,0.316318,0.168849,22.792771,18.845889,16.633007
-0.940771,0.176758,-0.072803,-3.125954,19.414504,4.345038,0.976992,0.214677,0.162142,22.024940,24.622496,7.830168
-0.817944,0.252710,0.061816,-6.226718,-10.083969,3.204580,0.831617,0.280021,0.110510,14.428850,20.868390,17.040510
-0.993286,0.261011,0.113574,-21.182443,9.311450,-8.931298,1.021656,0.307580,0.172327,26.286269,27.295721,17.551235
-0.961108,0.263184,-0.024268,-2.839695,17.154962,2.730534,1.005357,0.283664,0.163827,28.263316,20.971967,11.761301
-0.917358,0.172827,0.040430,-2.390840,-11.749618,-5.752672,0.944835,0.247530,0.117375,17.917621,22.599165,15.592603
-0.881104,0.216235,0.004346,-30.182443,10.870992,-1.335878,0.908246,0.228733,0.109069,31.765822,16.596397,10.485565
-0.950732,0.258179,0.015625,4.527481,-2.622901,-0.431298,0.990221,0.280983,0.102134,16.746608,17.698862,19.065851
-1.001416,0.239893,0.096362,-0.077099,-2.164122,-8.296947,1.005971,0.326129,0.163617,21.754025,13.172435,18.450103
-0.909155,0.207202,-0.058887,-2.832824,13.470229,1.540458,0.950235,0.230865,0.154172,17.192739,17.881788,6.864582
-0.950635,0.145850,-0.012524,3.784733,-12.395420,-2.901527,0.981079,0.186785,0.067494,13.321375,17.100054,12.141978
-0.867749,0.237085,0.087744,-19.364885,5.655725,-0.962595,0.885382,0.270331,0.164967,25.178840,23.405734,18.438043
-0.968042,0.269995,0.017529,1.981679,6.319084,0.280916,1.015657,0.292449,0.120070,25.093008,21.999034,21.356475
-1.000684,0.216724,0.080176,-5.519847,-8.600763,-11.152672,1.013576,0.319349,0.145893,18.128675,14.440330,18.121459
-0.946289,0.182397,-0.054102,-5.227481,12.704580,5.582443,0.988955,0.186885,0.123309,22.733190,21.554530,15.979035
-0.825244,0.199194,0.005762,-1.727481,-4.222901,-4.145802,0.839351,0.256137,0.067643,20.536862,17.425975,16.119081
-0.960474,0.219141,0.058813,-12.402290,7.802290,-3.991603,0.992409,0.268298,0.135574,17.668224,18.546122,13.419917
-1.001416,0.261597,-0.050098,2.580916,6.419847,4.872519,1.030796,0.287182,0.153965,21.134670,12.524552,18.559006
-0.915381,0.193921,0.040894,2.916031,-12.389313,-11.232824,0.934914,0.289876,0.095428,20.667482,19.909248,18.057702
-0.926514,0.181689,-0.034229,-21.167176,9.833588,0.108397,0.960500,0.212015,0.151605,27.007497,17.945734,11.877006
-0.904272,0.261157,0.054956,13.538168,-5.754198,-1.537405,0.948603,0.305858,0.104035,22.114906,29.059023,17.592333
-1.013159,0.205493,0.090991,-14.833588,2.538931,-4.528244,1.039835,0.253846,0.169625,24.394426,18.694719,14.692658
-0.939917,0.175684,-0.013452,0.294656,11.415267,4.190076,0.984094,0.278538,0.144565,28.895984,20.481813,15.746798
-0.955054,0.184302,-0.005518,1.495420,-11.601527,-7.561832,0.978143,0.234748,0.067108,15.777445,20.108909,15.795031
-0.847754,0.229590,0.046875,-16.070229,6.404580,-5.648855,0.877946,0.252188,0.171847,20.461437,21.002957,12.360134
-0.952295,0.270410,0.003027,11.072519,-4.368702,2.478626,0.996487,0.281563,0.095932,24.977715,23.930658,19.536970
-1.031616,0.179248,0.109521,-3.860305,-3.438931,-7.712214,1.041641,0.261991,0.179873,21.313052,12.819494,14.256167
-0.938721,0.193188,-0.040186,-10.147328,18.713740,5.651908,0.987224,0.251402,0.161845,27.424398,23.194076,14.247714
-0.880688,0.182251,0.005811,4.858779,-13.301527,-2.585496,0.899348,0.225667,0.053313,15.517224,19.434958,15.652883
-0.897925,0.240015,0.089746,-19.994656,10.691603,-6.483969,0.922860,0.265375,0.166863,28.033230,25.217782,13.266420
-0.975439,0.266602,-0.025342,9.580153,0.798473,2.353435,1.004092,0.285899,0.155153,22.289876,21.085282,18.684233
-0.988843,0.214819,0.072729,-0.464122,-14.135115,-10.883969,1.010236,0.316846,0.146099,13.516290,19.211216,16.065176
-0.946533,0.169287,-0.064795,-3.851145,15.219084,5.478626,0.990547,0.180958,0.178016,20.586182,18.851378,15.843877
-0.854541,0.220654,0.036523,4.681679,-10.179389,-3.983969,0.883685,0.264591,0.079042,20.292299,24.878759,15.168833
-0.914453,0.237500,0.102441,-12.535878,7.296183,-5.058015,0.951472,0.309900,0.197232,20.251089,26.173409,13.366533
-1.015869,0.287866,0.003638,7.825191,5.358779,2.546565,1.043117,0.341144,0.224171,23.871501,18.344633,20.811811
-0.944336,0.181567,0.056616,-1.945802,-13.415267,-9.383969,0.975153,0.251401,0.134783,19.040064,21.499421,17.489839
-0.898779,0.186157,-0.073730,-12.986260,20.377863,0.007634,0.928273,0.211220,0.207703,25.122318,21.612028,7.751517
-0.867358,0.205518,0.055811,-0.815267,-9.287786,2.185496,0.898718,0.267331,0.100560,18.512948,16.678648,13.740350
-0.988818,0.240161,0.096729,-9.044275,4.194656,-7.038168,1.024091,0.283615,0.174278,14.941647,20.640768,14.996716
-0.983496,0.263330,-0.035278,4.257252,11.505344,5.219847,1.016371,0.289195,0.180267,19.450704,18.013636,14.554813
-0.915479,0.179907,0.021826,6.158779,-14.760305,-7.838168,0.945649,0.246975,0.117562,19.802066,22.763117,15.859475
-0.877734,0.183252,-0.000439,-24.409924,15.396183,-4.233588,0.914660,0.210325,0.142090,29.629112,24.557793,15.347830
-0.927710,0.247778,0.002881,9.535115,-9.303053,2.881679,0.968514,0.303305,0.153248,23.080303,22.302987,22.086707
-1.028931,0.225513,0.084473,-8.454962,0.428244,-10.225954,1.043763,0.283482,0.153938,19.667206,19.226110,14.419459
-0.923999,0.175220,-0.081470,1.839695,15.316031,8.316031,0.970953,0.221176,0.153772,16.298492,21.086125,13.798321
-0.950488,0.146997,-0.007373,-6.055725,-12.354198,-7.538931,0.973615,0.209306,0.055843,18.819480,19.564480,17.004375
-0.837598,0.242822,0.037720,-10.875573,9.039695,-5.848092,0.879663,0.284883,0.189186,21.155182,22.512730,15.107604
-0.953711,0.228052,0.004370,7.545802,0.096183,2.741985,1.001216,0.270046,0.179983,17.877151,15.763659,22.913015
-1.046460,0.191064,0.094116,-5.491603,-5.785496,-7.670992,1.061742,0.255366,0.177088,18.179192,22.183256,14.009390
-0.916846,0.240332,-0.035913,-0.683969,18.029771,8.693130,0.958659,0.290995,0.203552,26.217965,19.571996,17.193874
-0.922852,0.123364,-0.008936,0.332824,-14.256489,-8.459542,0.941676,0.183552,0.050031,16.396219,20.255657,15.445844
-0.835742,0.294897,0.047095,-18.160305,7.745038,-5.459542,0.878188,0.336767,0.230690,26.791840,28.409844,12.418082
-0.977295,0.258398,-0.006958,12.942748,-1.796183,5.010687,1.013890,0.274553,0.122177,27.162703,24.424721,20.352080
-1.039746,0.184399,0.106812,-10.103817,-6.354198,-7.374046,1.058534,0.260305,0.170926,18.766579,18.580350,12.381199
-0.928662,0.196899,-0.080005,2.323664,21.505344,4.286260,0.998758,0.246987,0.159159,27.854497,24.669190,15.495558
-0.861694,0.164429,-0.010791,-4.564122,-12.856489,-3.355725,0.880052,0.211603,0.075695,19.347976,19.447109,17.145154
-0.893896,0.234937,0.098779,-17.023664,6.051908,-6.818321,0.946883,0.277286,0.193021,19.574655,26.245770,15.989198
-1.006177,0.253125,-0.030835,10.141221,2.274809,0.379389,1.043155,0.276318,0.148325,23.044170,15.830761,19.998788
-0.964795,0.165698,0.037720,1.208397,-12.426718,-7.075573,0.997207,0.237365,0.129220,12.091398,18.148754,14.736482
-0.964648,0.163745,-0.057520,-4.080916,18.730534,0.199237,1.024709,0.178510,0.192214,27.562875,23.620320,7.239300
-0.823071,0.209424,0.005469,7.779389,-9.682443,1.490076,0.846073,0.263718,0.110753,21.641010,27.278663,25.443194
-0.959448,0.217944,0.098120,-20.503817,6.940458,-3.154962,1.001001,0.278876,0.171147,29.645799,27.937941,16.436920
-0.976636,0.210083,-0.034619,10.322901,10.948092,5.782443,1.019644,0.264342,0.165447,27.727110,23.684910,16.491801
-0.923413,0.194141,0.031030,-1.614504,-14.903817,-8.126718,0.956701,0.282476,0.133757,12.715760,20.362228,16.204434
-0.929321,0.186353,-0.052026,-10.991603,15.758015,-1.796947,0.974079,0.198733,0.187048,23.265421,23.216635,9.502284
-0.881372,0.205762,0.023511,3.041985,-9.226718,-0.144275,0.917529,0.269103,0.086223,18.713529,24.509562,22.152952
-0.959985,0.230078,0.106665,-12.678626,5.887786,-5.233588,0.999002,0.273951,0.193521,19.903813,25.029297,13.298236
-1.007593,0.252808,-0.036548,5.555725,8.154198,5.368702,1.043552,0.279604,0.138239,27.394309,16.677163,18.859367
-0.921948,0.174097,0.033276,-1.845802,-12.305344,-11.802290,0.950547,0.252903,0.125105,15.636584,19.140300,19.955963
-0.936230,0.180469,-0.031616,-13.425191,9.608397,0.674046,0.982840,0.192439,0.157517,25.541555,19.349105,10.806078
-0.864771,0.225244,0.036377,7.928244,-7.967176,0.901527,0.902654,0.278550,0.104731,20.025914,24.248641,26.758032
-0.989380,0.226245,0.096729,-13.072519,8.062595,-5.818321,1.032332,0.266928,0.162806,23.976632,22.463470,13.977677
-0.986523,0.214844,-0.051099,9.022137,7.947328,4.896947,1.037957,0.250586,0.166127,33.164286,14.513793,16.519880
-0.916309,0.168823,0.042651,-2.977863,-11.703817,-7.858015,0.949545,0.281398,0.104600,17.802782,22.947257,18.380371
-0.906689,0.224976,0.004687,-15.418321,12.974809,-2.480153,0.947728,0.229094,0.167294,26.674217,26.973343,12.332377
-0.923584,0.227368,0.033398,4.356489,-11.359542,2.616031,0.970280,0.261006,0.089738,21.607014,28.979775,18.525688
-1.034790,0.227002,0.121606,-2.679389,2.876336,-10.156489,1.044827,0.274291,0.185371,14.224763,17.692767,17.571273
-0.930444,0.207812,-0.060449,3.309924,14.820611,9.683206,0.976990,0.240271,0.164384,18.930873,19.448197,17.008118
-0.943408,0.174780,-0.006714,-6.678626,-9.928244,-9.509924,0.969049,0.228147,0.054504,15.557654,20.079123,16.797523
-0.871973,0.265625,0.017529,-13.510687,9.291603,-8.819084,0.905534,0.297171,0.223991,16.778942,27.265700,14.237726
-0.967651,0.257764,0.007495,4.500763,-5.222901,1.732824,1.007155,0.282507,0.156401,19.662650,27.394625,17.601514
-1.023267,0.176587,0.102490,-2.612977,-8.401527,-5.850382,1.037022,0.256550,0.170080,21.633848,21.432243,12.507309
-0.907910,0.200513,-0.059302,6.530534,23.638168,6.085496,0.951457,0.236499,0.128038,23.172838,26.452190,14.719112
-0.881079,0.161670,0.005005,-8.369466,-10.200763,1.417557,0.899035,0.210985,0.070113,10.861046,16.919043,22.130867
-0.919287,0.236938,0.079834,-28.374809,7.341985,-8.974046,0.944501,0.260230,0.191515,36.088972,24.981493,17.767544
-1.001709,0.280835,-0.039453,10.641985,7.738168,2.424427,1.038315,0.305820,0.166581,29.024288,18.419760,18.227520
-0.920117,0.158154,0.027930,0.691603,-19.094656,-4.187786,0.938137,0.279544,0.126122,23.533244,23.884531,18.073970
-0.906763,0.196240,-0.019727,-19.016794,20.454198,-0.957252,0.946617,0.214691,0.203441,34.372204,27.103008,9.494084
-0.921143,0.204077,0.056201,-8.931298,-6.440458,0.011450,0.960895,0.229378,0.087463,22.977404,21.497356,17.593639
-1.020605,0.193359,0.106128,-18.857252,6.804580,-3.695420,1.049647,0.235431,0.196886,29.441483,28.329846,15.094424
-0.956177,0.253760,-0.067334,-5.293893,12.455725,6.200000,0.997188,0.281285,0.157930,29.670586,24.513731,20.358613
-0.944873,0.177441,-0.006714,1.749618,-16.942748,-6.228244,0.969731,0.239048,0.040413,15.091803,23.771583,15.313635
-0.860254,0.212402,0.073242,-32.212977,16.105344,-4.674046,0.879458,0.229516,0.184125,36.749768,25.159812,9.170948
-0.962476,0.238232,0.012427,-0.645802,0.282443,-0.225191,1.000161,0.280812,0.140025,18.816198,18.732406,18.375333
-1.014746,0.185718,0.102856,-9.733588,-7.939695,-4.716031,1.037360,0.264310,0.160969,17.711112,11.832561,14.262125
-0.960254,0.213379,-0.068140,-2.093130,22.265649,4.129771,1.024435,0.229851,0.155858,21.138126,24.907430,13.698422
-0.844287,0.190674,0.004224,-2.270229,-13.830534,-4.579389,0.864688,0.238992,0.051618,16.103035,23.699815,20.041634
-0.897339,0.228662,0.080957,-18.879389,8.395420,-8.408397,0.935029,0.279714,0.165979,24.135900,22.501869,13.783170
-1.014404,0.281079,-0.019922,9.075573,0.615267,2.740458,1.053162,0.312240,0.152988,23.428653,26.734343,26.192883
-0.987842,0.178882,0.077197,7.915267,-13.282443,-8.010687,1.012110,0.275352,0.150705,19.025423,20.601416,14.821333
-0.945923,0.188770,-0.057861,-4.495420,20.508397,3.928244,0.997047,0.210137,0.170133,22.348805,24.777350,14.553479
-0.864404,0.204346,0.003564,2.428244,-13.122901,-2.006870,0.896898,0.250348,0.047834,22.119193,29.435411,22.762791
-0.896216,0.211987,0.072534,-16.364885,9.239695,-8.641221,0.932629,0.274227,0.165685,20.773429,25.387489,13.017322
-1.004419,0.239771,-0.011084,1.068702,0.746565,1.868702,1.034708,0.265471,0.161517,22.626948,23.188738,20.262398
-0.991553,0.168555,0.086743,-3.929771,-10.312214,-5.777099,1.010912,0.251433,0.160163,16.119974,14.897921,13.369032
-0.944775,0.213965,-0.049585,0.926718,26.700763,2.888550,1.003006,0.241082,0.162260,24.847658,29.573838,9.990696
-0.861279,0.169214,-0.004077,-6.303053,-14.256489,0.103817,0.884153,0.229149,0.089952,19.240006,24.309699,24.243841
-0.909766,0.219019,0.076514,-18.517557,10.429008,-9.087786,0.954217,0.283997,0.174195,20.727883,25.241574,15.968661
-1.013550,0.269995,-0.038696,4.362595,1.187023,5.126718,1.055499,0.293949,0.151430,27.083473,24.543567,26.072077
-0.967896,0.159595,0.063477,0.241985,-14.193893,-8.035115,0.999316,0.241621,0.153501,16.171077,24.069002,14.101189
-0.961865,0.173242,-0.057227,-15.443511,22.280916,2.413740,1.016334,0.180828,0.166662,31.918394,24.793459,12.273839
-0.822485,0.179077,0.038428,-13.277099,-9.210687,-0.099237,0.833123,0.230974,0.080820,26.442447,27.800430,20.505060
-0.982153,0.208496,0.121094,-22.635878,12.355725,-4.186260,1.029303,0.256468,0.171984,28.403824,28.447454,13.374410
-1.000513,0.225781,-0.071265,-11.629771,14.316794,7.554198,1.042105,0.278311,0.178987,28.546103,19.040459,19.398541
-0.918042,0.143677,0.047510,-6.585496,-12.735878,-7.432061,0.958021,0.180082,0.104657,12.210303,26.328750,26.334690
-0.894507,0.200098,0.029370,-41.173282,19.752672,-4.387023,0.927310,0.215119,0.160508,46.913771,30.946381,12.441466
-0.942798,0.193774,0.008936,-12.589313,-1.623664,1.664885,0.985553,0.259998,0.139589,28.785682,26.951340,22.680402
-1.000439,0.214575,0.090894,-17.822901,1.280153,-7.547328,1.020754,0.283922,0.142462,27.024877,25.896199,12.225196
-0.939282,0.197607,-0.027417,0.131298,13.722901,2.412214,0.969333,0.209732,0.160497,17.628672,15.925218,12.247813
-0.960767,0.153638,0.017017,-3.559542,-8.713740,-5.020611,0.981153,0.205402,0.053639,11.253830,18.533081,14.843292
-0.864722,0.195996,0.014551,-29.559542,13.302290,-4.035115,0.887212,0.216827,0.134189,35.136375,22.415300,12.696242
-0.971606,0.216772,0.002075,10.712214,-6.622901,3.590840,1.021048,0.267370,0.118773,26.450416,22.301687,27.306675
-0.940283,0.174951,-0.023877,-5.674046,0.653435,-10.558015,0.958151,0.317243,0.096522,19.880471,20.739730,17.116535
-0.989941,0.201807,-0.028076,-2.593130,6.348855,7.653435,0.998653,0.255940,0.216080,28.801503,9.476987,16.729380
-0.900659,0.156396,0.024268,0.696183,-5.764885,-0.190076,0.919710,0.205812,0.060076,15.942892,18.088219,18.103125
-0.957153,0.241187,0.088159,-18.106107,6.585496,-7.370229,0.986027,0.260684,0.171322,21.135633,24.099447,12.737719
-0.972803,0.260791,-0.024854,3.418321,1.114504,5.085496,0.998750,0.315410,0.129884,18.947435,6.625127,13.778710
-0.953687,0.166504,0.024536,3.827481,-11.284733,-7.451908,0.976695,0.236807,0.172282,15.106470,19.507462,18.391868
-0.862744,0.270093,0.062061,-2.787786,15.548092,-3.522137,0.874598,0.301069,0.173846,11.013495,19.483613,10.506999
-1.012549,0.310303,0.062476,12.758015,-11.856489,4.029771,1.035912,0.348610,0.189823,33.282818,15.657483,27.637984
-0.873730,0.159595,0.049756,-2.385496,-1.448855,-8.720611,0.907900,0.229877,0.152901,11.616219,17.394525,19.716422
-0.889697,0.223071,0.022070,-4.989313,16.012977,-5.451908,0.897764,0.250030,0.138396,9.684062,17.715466,13.201381
-0.966577,0.239502,-0.006616,8.603817,0.329771,-0.238168,0.992097,0.259249,0.107769,20.491513,20.486878,16.267054
-0.984473,0.166455,0.050439,-12.883206,-8.674809,-7.015267,1.003612,0.247350,0.111701,18.766023,14.804829,16.665051
-0.953369,0.178711,-0.068872,1.712977,14.438931,2.425954,0.977433,0.193928,0.138664,18.409562,17.640598,10.343917
-0.871924,0.181592,-0.000269,-1.909160,-4.727481,-0.110687,0.882962,0.227007,0.066473,17.112833,17.871315,18.020235
-0.953613,0.225806,0.069287,-8.623664,5.341221,-6.588550,0.984262,0.294398,0.133246,23.734346,20.449128,18.749190
-1.002490,0.210791,-0.070605,-5.180153,11.283206,7.115267,1.031252,0.267728,0.156119,16.983851,15.500528,14.029771
-0.914673,0.194556,0.015820,-0.728244,-14.323664,-8.792366,0.923490,0.261440,0.096070,14.369241,22.935160,15.423100
-0.892285,0.182642,-0.021606,-22.063359,10.674809,-1.680916,0.908654,0.195491,0.111208,23.444586,16.566933,14.853447
-0.959546,0.242578,0.010864,-0.460305,-1.370992,-2.985496,0.992087,0.258698,0.091345,14.257908,17.030413,16.402850
-1.015747,0.195361,0.044946,0.680916,-4.348855,-6.942748,1.031098,0.235737,0.139081,12.998129,16.694596,15.439726
-0.948267,0.178882,-0.102808,7.623664,15.430534,0.848092,0.984209,0.187948,0.149506,16.608216,18.571999,12.122485
-0.780225,0.170190,-0.029419,6.419084,-4.139695,-3.155725,0.796981,0.238829,0.088703,18.729456,17.326469,23.349040
-1.064917,0.156665,-0.027930,-9.057252,-1.736641,-3.451908,1.090835,0.350986,0.137456,33.541014,10.928731,17.641683
-0.986865,0.255249,-0.035449,-4.954198,9.875573,10.719084,1.007970,0.336962,0.260906,25.938237,19.454483,24.991721
-0.893433,0.191431,0.011133,-4.293893,-15.953435,-8.353435,0.922440,0.293957,0.099146,16.764445,23.965607,12.184684
-0.921582,0.173633,-0.022729,-12.284733,9.217557,-3.787023,0.962644,0.208401,0.159915,22.613595,18.828897,17.225781
-0.873877,0.215454,0.031860,5.607634,-7.348092,2.585496,0.933713,0.264085,0.086605,19.960681,22.075983,21.776974
-1.040088,0.307275,0.133398,-10.955725,6.921374,1.151145,1.081558,0.354734,0.254427,24.251709,25.523655,15.731403
-0.976245,0.314941,-0.005664,-3.658779,-3.798473,7.345038,1.042167,0.354619,0.158328,13.728954,20.220491,27.574657
-0.819775,0.181641,0.046753,-18.883969,3.703817,-11.386260,0.852546,0.226932,0.097546,22.370005,11.845293,26.002047
-0.872827,0.233911,0.105859,-6.677099,10.207634,-5.970992,0.899052,0.296237,0.203331,17.302179,20.757797,10.079577
-0.997144,0.262109,-0.024854,12.775573,3.767176,-2.954198,1.019839,0.282120,0.151464,27.403240,27.400674,24.972872
-0.964355,0.177441,0.071045,-4.632061,-8.964885,-7.442748,0.982298,0.220426,0.165513,11.202088,12.506647,12.946235
-0.953125,0.175024,-0.046289,-18.566412,20.255725,2.225954,0.987191,0.197149,0.161405,29.036795,22.460217,8.868695
-0.853491,0.179565,0.013696,-13.790840,-7.129771,-4.131298,0.860253,0.217724,0.067645,22.233080,25.321564,16.433802
-0.984717,0.179858,0.090039,-21.754198,9.505344,-6.388550,1.009236,0.221448,0.146687,24.749699,19.565783,14.763717
-0.980225,0.154810,-0.036426,-17.751145,10.119847,7.363359,0.997281,0.199830,0.160904,25.965644,13.850060,11.997416
-0.943506,0.129199,0.025000,-19.714504,-6.691603,-4.814504,0.959039,0.169102,0.042365,26.877705,14.351251,12.469960
-0.887695,0.208887,0.052368,-27.030534,15.583969,-3.420611,0.904502,0.226944,0.169787,29.408992,26.661615,10.341531
-0.959229,0.222266,-0.027734,-8.123664,1.490840,-0.261069,0.982311,0.260712,0.147074,17.240178,14.714985,16.612461
-0.993896,0.153125,0.067139,-7.506107,-11.214504,-6.586260,1.008210,0.227054,0.113160,11.717207,18.644035,11.663242
-0.902197,0.147656,-0.058057,-20.742748,22.707634,-0.854198,0.927238,0.182928,0.129799,32.256881,25.433110,7.037336
-0.899414,0.200488,-0.002954,12.063359,-7.821374,-2.390840,0.918774,0.245097,0.082535,17.851575,18.014585,19.585918
-0.983984,0.179517,0.057202,-4.465649,-0.398473,-9.293893,1.009617,0.234360,0.110079,16.822123,21.677958,13.735327
-0.959717,0.171899,-0.063965,14.986260,8.059542,5.131298,0.969853,0.181011,0.146717,18.648703,15.075525,11.887494
-0.941748,0.096729,0.011694,-8.889313,-11.324427,-0.570992,0.946566,0.123664,0.047565,10.973481,14.585757,12.325807
-0.921631,0.188037,0.077588,-30.980916,11.354962,-2.047328,0.930561,0.205187,0.156270,35.534216,20.354358,11.527000
-0.990186,0.214917,-0.046143,-3.543511,6.490840,4.975573,1.017765,0.258264,0.134448,21.179295,12.573672,13.164359
-0.933740,0.146265,0.014648,4.354962,-13.054198,-9.699237,0.952158,0.187967,0.102931,7.697215,19.162797,17.488635
-0.902295,0.182764,0.008521,-17.902290,16.189313,1.392366,0.915290,0.203207,0.137905,22.098491,20.960846,9.896199
-0.944189,0.214282,0.020459,-4.797710,-1.612214,4.726718,0.969470,0.252460,0.132021,24.060424,17.358564,18.010102
-1.027466,0.211987,0.078906,-16.677099,-3.648092,-7.881679,1.040239,0.265352,0.157851,20.329775,15.830124,14.191199
-0.920190,0.227881,-0.056006,-0.890840,13.174809,5.409160,0.961426,0.275695,0.159659,27.344551,16.619851,16.930181
-0.880127,0.175806,-0.011792,3.833588,-9.597710,-8.022137,0.900233,0.214778,0.047511,16.056198,19.668002,15.485685
-0.906860,0.249780,0.079883,-4.110687,1.000000,-5.741221,0.935622,0.278317,0.145417,11.964231,22.128017,11.857566
-0.987158,0.245142,-0.042700,10.296947,7.053435,2.929008,1.020837,0.280489,0.142641,17.564264,16.897027,15.996381
-0.934424,0.174536,0.037085,4.439695,-12.981679,-7.829771,0.952352,0.232419,0.133045,10.302559,19.746015,11.549793
-0.918872,0.201660,-0.021899,-8.521374,13.196947,-1.762595,0.940084,0.212444,0.126047,19.868600,17.849265,11.150456
-0.910352,0.214429,0.032056,8.112214,-2.270992,0.325954,0.930487,0.251352,0.093540,19.900386,15.812344,18.471447
-1.015283,0.221118,0.077734,-14.156489,-0.862595,-2.908397,1.029277,0.273041,0.158428,23.262693,21.118838,12.869998
-0.914355,0.205273,-0.069897,-5.451908,13.469466,4.290076,0.957394,0.247311,0.134441,23.300647,16.394171,11.742955
-0.943555,0.147314,0.004028,-1.638168,-11.299237,-7.463359,0.963584,0.188106,0.055801,13.760703,17.667977,14.522809
-0.882935,0.262939,0.089380,-14.319084,8.887786,-0.696183,0.898163,0.282351,0.183366,19.135330,21.001075,7.808968
-0.974878,0.232300,-0.030103,2.629008,6.241221,-1.101527,0.994210,0.252170,0.123974,23.073806,17.234671,21.782473
-0.984814,0.173853,0.078101,-20.834351,-11.416031,-8.704580,1.005005,0.266476,0.135336,24.180033,15.242819,13.061015
-0.948437,0.178125,-0.049097,-10.638931,21.806870,1.835115,0.987363,0.189678,0.135861,19.972893,23.494931,8.086645
-0.837817,0.233179,0.033789,-0.268702,-11.011450,-1.032061,0.856307,0.268792,0.065484,17.826318,21.073433,20.085657
-1.014478,0.233081,0.109717,-15.019847,8.235115,-3.956489,1.030894,0.255884,0.173881,29.308129,25.557122,11.314216
-0.915430,0.210083,-0.037939,-2.326718,10.782443,5.454198,0.950749,0.251771,0.157367,19.889299,15.508512,11.102009
-0.955371,0.133398,-0.040137,-1.562595,-8.551908,-6.276336,0.970730,0.195378,0.079389,19.857657,16.833741,16.571528
-0.843311,0.251929,0.087622,-12.242748,7.441221,-2.126718,0.869906,0.292047,0.216388,21.717358,19.113622,13.000123
-1.047754,0.273438,-0.023071,5.172519,-0.616794,1.406107,1.099965,0.321890,0.168356,28.434418,20.172029,24.836310
-0.912500,0.208521,0.068848,-13.657252,-6.385496,-8.442748,0.944460,0.263512,0.208709,27.264563,28.369481,16.481953
-0.918384,0.199487,-0.058398,-2.251145,12.403053,-0.878626,0.958462,0.238186,0.145678,17.529595,18.472054,10.478383
-0.868579,0.248193,0.037305,-0.225954,-8.973282,2.202290,0.935206,0.284677,0.066058,23.077169,22.964414,22.708643
-1.017529,0.257593,0.097192,-3.266412,3.255725,-6.409160,1.034421,0.345199,0.165833,17.091116,20.607004,22.234796
-0.930835,0.236768,-0.026318,1.242748,7.612977,3.805344,0.990279,0.263597,0.135878,35.898485,17.318317,17.555825
-0.931519,0.176636,-0.004102,-5.647328,-9.047328,-6.400763,0.965323,0.244627,0.087970,13.763202,21.294785,19.023337
-0.836694,0.219385,0.051514,-16.187786,13.213740,-5.337405,0.877985,0.259457,0.161745,22.816526,23.007380,16.725457
-0.977710,0.267651,-0.004004,4.822137,-4.475573,-2.135878,1.035808,0.286818,0.116581,22.879455,18.912871,26.191572
-1.026392,0.209619,0.087012,-10.767176,-2.182443,-1.743511,1.040323,0.311412,0.195747,25.077422,21.959188,13.851680
-0.895435,0.230176,-0.035303,18.603817,12.145802,4.451908,0.965723,0.266220,0.150823,26.427943,18.835413,16.364275
-0.921631,0.175000,0.000146,-7.850382,-9.791603,-5.299237,0.956706,0.215213,0.060213,22.026729,16.144343,21.011581
-0.861890,0.266504,0.103638,-18.939695,7.681679,-4.383206,0.891374,0.299446,0.198276,34.215599,22.275729,19.544338
-1.013550,0.295459,0.016748,8.306107,1.264885,3.233588,1.059914,0.325080,0.153745,26.853434,19.594922,20.517501
-0.944971,0.202930,0.058008,-13.918321,-6.336641,-8.840458,0.973321,0.262563,0.182126,23.669725,19.398201,14.935105
-0.919897,0.201978,-0.047974,0.665649,10.448092,-0.574046,0.960552,0.229312,0.139052,18.465393,16.108950,6.998496
-0.848755,0.248535,0.057227,7.091603,-5.660305,0.503817,0.878556,0.311730,0.096488,19.550181,17.038451,24.116770
-1.003857,0.265723,0.115405,-13.480916,3.467939,-4.854962,1.031203,0.322525,0.198891,27.484081,21.971811,13.536372
-0.966846,0.268433,-0.020459,5.716794,9.013740,5.387023,1.035356,0.305251,0.133452,25.859605,21.659962,16.246522
-0.924683,0.171289,-0.001636,-3.066412,-10.638931,-7.409160,0.953313,0.211915,0.091607,12.665591,19.995301,17.796505
-0.819946,0.232007,0.034888,-14.772519,11.674809,-5.869466,0.839885,0.277764,0.167289,19.384323,21.929923,13.491124
-0.970020,0.274756,-0.006836,20.624427,-7.480916,1.031298,1.025305,0.323998,0.105884,28.491497,19.225783,19.853971
-1.025757,0.225439,0.079028,-15.441985,-3.803053,-3.520611,1.038284,0.285151,0.171600,25.254423,16.934831,15.156885
-0.932764,0.209375,-0.056152,2.313740,15.980153,3.630534,0.991229,0.284436,0.165311,18.827515,20.312420,17.450909
-0.869946,0.166626,-0.012695,5.818321,-10.258015,-5.730534,0.899765,0.220798,0.062678,17.537497,18.359383,17.976555
-0.904858,0.243140,0.094116,-18.303817,6.635115,-4.556489,0.938461,0.294701,0.173099,22.432550,23.203050,13.639895
-1.017725,0.268213,-0.035376,5.372519,5.196183,1.206870,1.063156,0.326647,0.150277,25.718672,17.885241,18.618666
-0.918457,0.188232,0.047852,-9.404580,-11.712977,-9.320611,0.945199,0.274978,0.130370,19.314243,22.633622,15.290208
-0.931567,0.173193,-0.015430,3.984733,7.353435,-0.832061,0.986431,0.188338,0.166489,24.706135,20.236824,12.723068
-0.862695,0.228271,0.036816,11.712977,-2.818321,1.204580,0.916658,0.294283,0.078553,17.747831,19.246004,20.772516
-1.028223,0.240308,0.095728,-18.219847,0.506870,-4.874046,1.056010,0.296883,0.179037,25.211063,21.495111,15.386429
-0.953687,0.207935,-0.021143,6.468702,13.473282,5.738931,1.012104,0.232120,0.151049,26.460683,21.204606,16.869087
-0.937964,0.152417,-0.037109,-4.947328,-6.906870,-7.280153,0.967884,0.213455,0.086268,10.573174,21.272939,20.644062
-0.840625,0.234009,0.065210,-18.180916,8.072519,-4.856489,0.858626,0.258001,0.211913,25.643660,21.581555,10.988422
-0.982129,0.252563,0.031934,3.503053,1.248855,-0.725191,1.018707,0.285848,0.127444,17.739454,21.042855,20.323134
-1.020068,0.183325,0.087231,-14.209160,-6.270229,-4.161069,1.039943,0.238464,0.183323,25.219735,19.689684,14.070048
-0.934155,0.181689,-0.037134,1.410687,11.416031,4.174046,0.972000,0.228306,0.166054,22.862231,14.761295,15.462363
-0.863940,0.173413,-0.003442,-1.352672,-5.049618,-7.361069,0.875370,0.236967,0.071713,19.611743,19.623910,18.532286
-0.925562,0.224756,0.088013,-4.854198,5.331298,-2.236641,0.946610,0.278403,0.178637,17.800354,18.088027,13.781452
-0.996436,0.244971,-0.029126,9.806870,4.432824,1.009924,1.040499,0.269679,0.119128,28.866618,17.893651,18.136460
-0.942676,0.129443,0.066138,-33.066412,-7.254198,-4.001527,0.964981,0.215259,0.133791,46.916302,19.786798,14.474343
-0.917627,0.206860,-0.032349,-8.083969,10.175573,-1.393130,0.951063,0.225786,0.154764,26.964757,16.453255,11.329653
-0.893896,0.215210,0.057227,13.157252,-7.465649,3.413740,0.924968,0.286300,0.119695,19.309294,17.462193,16.059989
-0.992334,0.237280,0.112842,-19.737405,5.590076,-5.469466,1.020546,0.271162,0.165332,26.488323,15.630455,11.376071
-0.960742,0.221289,-0.024023,2.620611,11.207634,6.024427,0.999854,0.236118,0.158315,28.025949,20.368203,17.395029
-0.960303,0.169971,0.014429,-1.064885,-10.044275,-5.725191,0.996286,0.225410,0.055650,10.785735,15.191409,19.043632
-0.839355,0.249292,0.071094,-23.932061,7.993893,-9.387023,0.860192,0.279809,0.174438,31.895722,17.843029,20.369071
-0.944727,0.250610,0.038599,34.446565,-2.296183,0.429008,0.980938,0.308412,0.137801,40.110992,15.792062,22.174635
-1.038892,0.162891,0.067432,0.986260,-8.796947,-10.682443,1.068681,0.234719,0.168723,23.914260,19.223669,20.672295
-0.937939,0.177563,-0.056714,23.586260,12.176336,8.709924,0.983995,0.186887,0.160248,35.058111,15.911649,18.320740
-0.821436,0.162354,0.001172,-8.364885,-2.257252,-1.876336,0.826436,0.254212,0.077608,25.309145,18.757357,24.150501
-0.961572,0.243237,0.087012,-21.503817,5.312214,-7.445038,1.001115,0.292183,0.177368,30.942764,22.604012,15.927928
-1.003442,0.254102,-0.024805,4.120611,5.873282,7.435115,1.033895,0.283253,0.118188,35.506583,14.984158,18.368846
-0.895435,0.152100,0.022803,-8.272519,-7.405344,-9.500763,0.916324,0.197735,0.112505,16.592685,14.079203,20.426470
-0.910376,0.219580,-0.000220,-4.725191,7.062595,-6.380916,0.944158,0.261905,0.136228,23.798003,14.900044,14.274376
-0.938721,0.221973,-0.013232,16.167939,-3.837405,5.531298,0.985686,0.290795,0.135082,29.461615,20.062612,24.789982
-1.040747,0.184741,0.097314,-16.008397,-0.832824,-11.122137,1.062562,0.283080,0.178119,24.527305,17.043454,18.215078
-0.903442,0.175293,-0.106519,6.514504,15.069466,7.090076,0.978978,0.212710,0.160493,23.684125,20.245140,13.484326
-0.955737,0.119141,-0.036621,-13.219847,-7.696947,-6.294656,0.983766,0.195904,0.099137,21.179575,17.804961,23.628668
-0.830908,0.232593,0.046802,-7.907634,3.499237,-5.774046,0.868203,0.276126,0.184939,19.589627,20.842180,18.574036
-0.993823,0.200146,0.009644,13.669466,-0.145802,2.906870,1.046785,0.250157,0.121548,25.707635,16.317897,20.283988
-1.031030,0.205762,0.060791,-17.775573,-0.648092,-6.645038,1.066670,0.277076,0.169362,33.761535,15.767309,18.874095
-0.921118,0.183984,-0.076953,5.881679,12.135878,6.950382,0.990935,0.223610,0.181945,30.096746,17.405302,14.493873
-0.943018,0.131079,-0.023169,-8.116794,-7.887023,-8.893130,0.978971,0.201358,0.079996,20.444495,17.382121,20.755787
-0.831885,0.239624,0.053418,-13.478626,3.913740,-3.361069,0.876306,0.296168,0.179893,21.776392,22.789861,12.636694
-0.983960,0.263135,0.005664,19.391603,-5.010687,1.907634,1.017381,0.342329,0.148995,34.416940,17.730109,22.075784
-1.016138,0.196655,0.098901,-11.896947,-7.993130,-4.389313,1.035619,0.290805,0.197606,20.727629,21.528243,20.541891
-0.934229,0.182153,-0.030249,4.077099,15.353435,4.191603,0.987188,0.205042,0.172974,30.390586,27.537236,19.236848
-0.853564,0.176562,-0.002173,2.122901,-4.628244,-2.570229,0.878795,0.253805,0.050200,14.840184,18.153173,19.315973
-0.906567,0.247949,0.097534,-29.791603,5.311450,-2.877863,0.955801,0.294668,0.180379,31.995810,23.018952,12.271719
-0.994238,0.299072,-0.004419,20.280153,3.587023,2.877863,1.049504,0.340067,0.151980,36.974063,26.581034,31.358835
-0.970044,0.184253,0.064258,-25.562595,-6.177099,-7.252672,0.992645,0.299922,0.165246,33.652794,18.522371,16.419876
-0.982373,0.200098,-0.029858,10.424427,9.476336,2.596183,1.063550,0.212912,0.156547,24.322992,21.262586,16.854633
-0.807349,0.199121,-0.002075,0.727481,-1.287023,-6.180153,0.831769,0.262502,0.063068,22.122750,20.640226,20.234978
-0.946997,0.232495,0.074707,-14.477863,2.920611,-5.264122,1.012203,0.303343,0.168462,28.953473,16.993334,12.678398
-0.996802,0.281299,-0.044067,13.250382,7.451145,6.622137,1.044197,0.305900,0.190657,35.638919,19.063748,20.483718
-0.957153,0.164917,0.057471,-25.776336,-10.372519,-8.865649,0.984299,0.261435,0.144913,31.000130,19.768466,18.600415
-0.906592,0.195850,-0.067432,-8.992366,16.337405,-0.888550,0.940619,0.210003,0.177394,28.194190,20.379851,9.526633
-0.869336,0.199292,0.032324,5.673282,-7.595420,-0.354962,0.907624,0.258215,0.070032,19.417962,21.548991,24.852027
-1.000073,0.234302,0.086035,-18.216031,5.713740,-3.300763,1.030269,0.295922,0.175604,27.839374,19.663588,13.062086
-0.964453,0.277515,-0.019189,3.193130,8.772519,7.171756,1.013111,0.309257,0.163639,29.304904,20.560597,17.779831
-0.931152,0.155103,0.010181,-10.676336,-11.444275,-8.714504,0.951496,0.226405,0.105139,29.215882,18.794631,16.701706
-0.856543,0.234912,0.015771,-7.059542,13.459542,-4.931298,0.876266,0.264440,0.143956,11.278817,17.611370,12.037422
-0.946851,0.254761,0.011279,4.103817,-1.338931,0.616031,0.995897,0.302237,0.152620,16.352052,19.595368,22.344595
-1.044165,0.206909,0.076660,-23.677099,-4.378626,-5.829771,1.059562,0.257700,0.156193,28.541041,13.608147,13.347968
-0.900610,0.178198,-0.040063,-1.855725,19.901527,3.351145,0.944920,0.199782,0.145326,26.395005,26.023677,13.678811
-0.917407,0.114746,0.012622,-23.364122,-10.684733,-4.170229,0.930717,0.168032,0.030997,26.909547,14.392477,12.737611
-0.888770,0.242944,0.079004,-5.012214,7.676336,-5.602290,0.926227,0.278102,0.156602,21.456782,20.044615,17.973644
-1.000366,0.267090,-0.022705,7.954962,1.225191,2.640458,1.039555,0.290407,0.106736,23.704168,17.087240,21.625794
-0.938574,0.183447,0.057666,-8.137405,-7.862595,-9.104580,0.960118,0.251157,0.107559,17.875353,14.674012,15.275506
-0.931836,0.156665,-0.040381,11.099237,7.387786,0.457252,0.964091,0.172568,0.164273,26.204467,18.036275,11.034579
-0.901245,0.199365,0.050122,6.655725,-8.143511,2.070229,0.936945,0.269858,0.077881,15.125585,19.744565,16.953560
-1.009058,0.231641,0.077905,-3.316031,1.548855,-3.321374,1.028905,0.277657,0.154673,14.772647,25.738513,12.068035
-0.926489,0.232666,-0.015161,-3.183969,12.885496,3.978626,0.977368,0.268800,0.138799,29.950191,19.362189,19.481966
-0.938794,0.116479,0.015137,-5.202290,-7.402290,-6.119847,0.968295,0.211978,0.068921,21.332792,15.346785,11.402314
-0.840479,0.255981,0.079004,-21.886260,8.682443,-3.738168,0.876157,0.300616,0.191268,27.644339,20.711188,18.777632
-0.993384,0.237451,0.001099,19.273282,-1.658779,-2.200763,1.054829,0.258903,0.102338,49.305324,22.498636,25.825089
-1.038354,0.189966,0.097363,-25.907634,-2.825954,-1.048092,1.060453,0.259729,0.162634,33.534970,14.476480,14.740152
-0.899585,0.204126,-0.039307,3.389313,10.564122,5.390840,0.953576,0.275219,0.152408,36.231803,20.885316,14.086331
-0.878784,0.163135,0.007568,-0.712214,-3.444275,-8.641985,0.907508,0.233128,0.061954,26.550397,20.049349,19.639789
-0.925854,0.246777,0.077222,-19.274046,9.392366,-2.922901,0.962735,0.294617,0.189674,26.487696,25.277500,14.937614
-0.994141,0.249927,-0.054346,5.936641,0.274809,4.078626,1.034605,0.290736,0.150229,31.606912,16.837476,25.148223
-0.941138,0.202710,0.064917,-23.082443,-7.086260,-8.645802,0.967488,0.283061,0.158317,31.572855,20.166374,14.983453
-0.919629,0.183667,-0.052539,4.674809,15.599237,-0.419847,0.962092,0.198573,0.154466,28.561912,23.865970,6.934703
-0.850781,0.201196,0.043750,-9.253435,-7.524427,0.661832,0.878241,0.266557,0.071231,20.575954,22.309567,21.759380
-1.016968,0.221704,0.093188,-38.141985,11.452672,1.900000,1.049131,0.273772,0.196816,43.072653,26.749158,16.640363
-0.974365,0.237402,-0.013501,-8.851908,17.232824,5.103817,1.005819,0.265295,0.127035,41.591644,21.869925,19.051157
-0.912671,0.146948,0.023706,-13.640458,-12.759542,-4.083206,0.941922,0.196409,0.130327,24.684658,19.348719,16.415868
-0.849780,0.250562,0.040918,-36.451908,20.487023,-3.909924,0.877540,0.281324,0.166831,41.658107,27.498108,15.368655
-0.945410,0.277661,-0.010181,-4.483969,-4.079389,-5.895420,0.983659,0.316250,0.137879,21.969205,23.374230,23.463707
-1.041772,0.184985,0.091187,-18.279389,-2.310687,-3.380916,1.068827,0.272987,0.181228,26.870711,20.736538,14.885106
-0.898071,0.214697,-0.035547,4.457252,14.342748,6.167939,0.950037,0.257343,0.146028,26.974088,23.268985,17.153526
-0.934766,0.173730,0.012451,-4.779389,-9.960305,-4.083969,0.956007,0.250056,0.109079,34.348376,19.828959,15.464113
-0.844238,0.243994,0.023169,-18.470229,14.497710,-6.927481,0.869038,0.291342,0.142450,33.497050,26.791527,22.087590
-0.915088,0.198145,-0.015234,13.697710,-0.535115,-2.193130,0.999142,0.308166,0.118361,33.565118,19.668428,29.857484
-1.081738,0.227295,0.035181,-22.771756,-10.903053,1.741985,1.116642,0.466078,0.244156,50.751290,48.215122,31.137571
-0.952124,0.319702,0.035913,-6.627481,19.964122,6.173282,1.002090,0.455055,0.313044,47.348978,36.656375,34.045737
-0.839160,0.193823,0.023071,11.254198,-23.325954,-6.895420,0.887531,0.321741,0.184457,35.945467,36.790420,18.360113
-0.824951,0.224268,0.040454,-20.887023,18.698473,-6.058779,0.904179,0.258388,0.162703,24.043491,28.315731,13.818126
-0.960645,0.361694,0.113184,10.840458,-16.592366,-0.617557,1.043066,0.395985,0.228930,36.670216,38.693091,24.752520
-1.059570,0.265259,0.199292,-2.917557,-12.003053,7.680916,1.101771,0.361540,0.294815,32.896800,37.888935,14.541412
-0.882227,0.283521,0.010254,6.251908,23.206107,-6.210687,0.989741,0.324778,0.156612,26.577672,30.970551,20.761458
-0.782910,0.221875,0.031152,7.735878,-6.173282,-8.780916,0.804254,0.259081,0.069519,37.622239,26.696981,24.683862
-0.943115,0.228638,0.134814,-23.004580,13.657252,-4.687023,1.002107,0.305833,0.222099,28.574109,30.081788,15.298714
-1.015503,0.269556,-0.051880,2.368702,6.776336,4.150382,1.072842,0.306204,0.221744,27.352637,26.090148,23.367198
-0.942236,0.169971,0.076880,-1.938931,-15.338931,-10.250382,0.977504,0.264400,0.155173,23.784001,24.265439,22.261513
-0.898193,0.172046,-0.063721,-13.593130,16.769466,0.261832,0.940540,0.198702,0.189372,30.437228,24.106979,6.410743
-0.886401,0.274292,0.073999,16.083206,-12.575573,-0.186260,0.920267,0.336715,0.106825,26.996147,25.216787,24.274892
-0.952783,0.214404,0.088110,-14.999237,11.174809,-6.014504,1.002984,0.371456,0.180799,36.333808,31.864749,24.593399
-0.998853,0.258765,-0.071240,-7.408397,17.008397,2.481679,1.058703,0.302714,0.183680,38.545924,30.156053,13.539806
-0.897583,0.111426,-0.031885,19.618321,-19.645802,-5.869466,0.909435,0.166055,0.072903,25.562250,27.424559,28.691113
-0.906274,0.222925,0.076953,-25.939695,9.412977,-3.354962,0.933769,0.233945,0.181481,30.870971,29.051073,18.441107
-0.999731,0.242847,-0.053052,12.358779,5.919847,10.591603,1.074666,0.305272,0.139534,28.651873,22.388976,21.431501
-0.839380,0.008813,-0.092187,8.494656,-6.135878,-13.140458,0.845464,0.112847,0.122697,29.555127,21.752728,22.681638
-1.039331,0.261743,-0.029468,-34.219084,5.438168,3.733588,1.088895,0.392342,0.204353,43.814330,14.913957,21.889597
-0.947559,0.225000,0.055249,4.592366,-6.057252,1.334351,0.983361,0.272151,0.146301,50.872582,37.254352,22.464303
-0.942578,0.201099,0.065112,-9.854198,1.126718,-6.762595,0.981199,0.295818,0.159981,20.596449,21.575557,17.150924
-0.963428,0.308203,-0.011670,2.488550,3.536641,6.224427,1.031012,0.335684,0.157884,26.951291,27.850304,17.563536
-0.998169,0.202319,0.084985,5.335115,-11.895420,-11.601527,1.027530,0.331158,0.216593,35.400014,18.042354,20.001129
-0.939966,0.204077,-0.026929,-23.505344,14.075573,10.138168,0.996051,0.225378,0.152480,30.072755,34.141632,19.196616
-0.799683,0.321826,0.108960,5.404580,-2.336641,-8.204580,0.838931,0.364999,0.147544,24.766445,13.289803,35.825532
-0.997925,0.246851,0.113989,-21.435878,5.151145,-6.995420,1.026880,0.337933,0.205267,29.873800,23.325214,15.908802
-0.919116,0.220264,-0.046387,7.057252,15.360305,4.293893,0.969426,0.244925,0.168345,26.165488,27.166933,16.134837
-0.935718,0.147412,-0.020972,-3.048092,-11.392366,-9.050382,0.958473,0.202910,0.100267,15.285186,26.537082,17.100123
-0.884106,0.245166,0.093579,-28.633588,9.909160,-0.925191,0.915244,0.267726,0.205175,32.639518,30.539934,12.924684
-0.992139,0.249121,-0.030811,3.598473,8.545802,-3.177863,1.027982,0.287245,0.117121,38.527245,24.293629,27.133956
-0.970435,0.170605,0.053687,-23.748092,-8.377099,-3.522901,0.991986,0.209637,0.160907,31.107109,19.823312,17.900477
-0.907861,0.159644,-0.060718,-21.006870,17.025954,-0.592366,0.926546,0.185653,0.122392,32.466688,21.811432,6.715797
-0.886230,0.218335,0.035669,-8.277099,-5.631298,-0.757252,0.913540,0.271933,0.095594,25.972266,21.648433,20.169090
-0.997998,0.182739,0.074976,-33.478626,9.101527,-0.712214,1.024630,0.232191,0.148692,39.097755,19.991080,11.737699
-0.983838,0.184619,-0.013208,-1.446565,6.409924,4.695420,1.035496,0.216168,0.146820,28.676242,12.645765,16.277822
-0.935791,0.136230,-0.043677,-7.477099,-3.664885,-11.575573,0.966341,0.232331,0.066466,25.163730,18.497616,17.652292
-0.846606,0.228687,0.031445,-11.978626,4.445038,-4.306107,0.879128,0.262585,0.170254,30.254672,22.799184,9.475633
-0.968213,0.214771,-0.014185,7.203053,0.745802,2.706107,1.023538,0.275074,0.125382,26.569872,23.510883,23.267933
-1.040039,0.175781,0.086304,-13.319847,-6.934351,-5.228244,1.056148,0.246221,0.156947,25.523667,14.845224,17.777890
-0.940698,0.175659,-0.048462,-13.929771,19.562595,7.482443,0.984258,0.206253,0.166891,36.759061,25.672857,16.740567
-0.872314,0.172754,-0.008276,-1.824427,-7.064885,-6.043511,0.895613,0.235315,0.062675,23.215018,19.259793,19.970612
-0.892920,0.213525,0.076831,-22.895420,5.461069,-4.636641,0.935511,0.293921,0.180247,26.463102,25.284765,20.522029
-0.991577,0.253979,-0.031860,8.808397,-0.006107,3.091603,1.017802,0.307325,0.159546,22.184715,22.204999,17.699235
-0.974902,0.183081,0.071680,-3.983206,-10.635115,-10.813740,0.992810,0.268763,0.174134,15.788957,20.398465,15.885675
-0.966235,0.159839,-0.045898,-8.190840,16.290076,7.197710,1.028424,0.179780,0.173624,24.021655,25.012285,16.517932
-0.824390,0.218774,0.019873,-1.055725,-5.419847,-1.380916,0.841851,0.268760,0.066524,20.795221,23.548628,16.359052
-0.947949,0.213940,0.083350,-16.240458,3.689313,-7.108397,0.991826,0.266094,0.161987,23.935737,23.039939,18.041492
-1.015088,0.259277,-0.045312,8.281679,9.123664,2.835878,1.038322,0.301110,0.166301,29.879389,17.664316,23.868002
-0.900293,0.153882,0.029126,-2.019084,-18.760305,-3.680916,0.937968,0.259440,0.154289,28.334775,23.497338,17.429986
-0.909204,0.223804,-0.011401,11.605344,11.987786,-6.559542,0.942679,0.277928,0.171187,16.382411,20.494678,17.849105
-0.913867,0.233423,0.055737,0.851145,-1.402290,3.956489,0.956937,0.278549,0.082858,32.986786,21.294017,23.072925
-1.012231,0.240942,0.108813,-17.509160,2.590840,-5.454198,1.026708,0.303621,0.176189,23.421016,15.350128,17.413524
-0.924487,0.215356,-0.047168,-0.415267,11.208397,4.470992,0.954480,0.301594,0.165978,18.445151,15.753885,16.503544
-0.926367,0.121240,-0.024048,-1.625954,-8.803817,-6.503817,0.940028,0.157742,0.056336,13.568652,12.005622,11.436637
-0.897852,0.257422,0.076709,-17.175573,6.549618,-4.546565,0.910720,0.291192,0.157489,20.530355,19.362530,13.790939
-0.968872,0.237280,0.004736,-0.667176,4.480153,1.818321,0.994010,0.266270,0.157527,27.062673,21.905778,19.326966
-0.989209,0.210400,0.059741,-14.848855,-4.517557,-5.603817,1.003374,0.260084,0.129110,19.874164,14.766633,14.954620
-0.934961,0.193188,-0.052588,7.951145,8.948855,-0.712977,0.968626,0.201883,0.119368,26.700320,15.370894,5.892398
-0.841724,0.207446,0.025684,2.734351,-4.429771,1.506870,0.856376,0.257450,0.082469,18.488795,16.300522,19.363495
-1.015552,0.231714,0.091968,-24.054198,3.351145,-2.345038,1.032248,0.266869,0.164166,28.358901,20.015566,12.018709
-0.923462,0.223901,-0.029346,-11.804580,13.265649,3.254962,0.963821,0.244762,0.091356,29.741396,17.021341,11.666647
-0.959863,0.139136,-0.012646,-5.854198,-3.607634,-7.833588,0.990463,0.195180,0.066017,19.698606,11.226714,19.272700
-0.834741,0.261133,0.041748,-17.297710,4.643511,-5.675573,0.861506,0.319721,0.164867,27.415350,19.217252,16.400073
-0.981226,0.262134,0.016284,13.270229,-2.777863,4.376336,1.021840,0.311015,0.102135,26.937228,20.158489,21.579590
-1.004053,0.194580,0.065552,-27.391603,-6.137405,-7.847328,1.030227,0.279593,0.159230,35.579309,17.167302,13.315384
-0.953247,0.182886,-0.014233,8.965649,13.888550,2.793893,0.998448,0.189827,0.137853,25.665853,21.613467,15.485742
-0.845947,0.203882,0.006592,-0.970229,-4.800763,0.802290,0.867602,0.265993,0.063355,19.228807,22.373891,19.369253
-0.933350,0.243994,0.104321,-21.879389,7.187023,-5.401527,0.979455,0.294943,0.154716,30.150464,21.837687,14.133878
-0.988916,0.276929,-0.039648,12.835115,5.000763,1.290076,1.031377,0.310032,0.151990,33.422898,19.140213,23.114160
-0.964380,0.177563,0.053467,-18.114504,-13.550382,-7.024427,0.994067,0.261908,0.154629,26.123700,18.289466,17.276477
-0.931738,0.167383,-0.011353,6.816031,12.940458,1.400763,0.977272,0.184065,0.179401,22.326372,15.791604,12.866516
-0.844067,0.235767,0.055005,2.801527,-5.429008,-0.654198,0.864286,0.302035,0.129364,24.170701,20.330645,24.280756
-0.929541,0.237451,0.098975,-16.754198,7.732061,-4.773282,0.972603,0.336805,0.159274,35.831688,24.940558,16.889224
-0.998755,0.284204,-0.042651,8.318321,4.000000,4.557252,1.056349,0.298886,0.157492,36.662806,20.333631,22.038187
-0.960376,0.180957,0.051587,-14.300763,-9.825954,-10.853435,0.990031,0.268769,0.170865,21.801649,18.144002,22.383578
-0.913379,0.183838,-0.026270,0.324427,18.492366,0.048092,0.956176,0.218374,0.182051,27.195829,26.712886,9.912482
-0.856445,0.244214,0.036914,-3.022137,-7.922901,3.610687,0.885047,0.302243,0.106777,22.442646,24.712880,28.733150
-0.961816,0.243433,0.087085,-5.883969,4.223664,-10.184733,0.999183,0.354588,0.167228,29.274343,21.837529,22.224415
-0.994629,0.253979,-0.046802,11.832824,7.927481,7.919084,1.039784,0.275280,0.168591,35.387168,13.372989,12.592828
-0.905200,0.130103,0.009888,-11.932061,-9.233588,-8.826718,0.932262,0.177965,0.106589,16.812702,16.722984,21.449677
-0.876392,0.230249,0.029907,-7.678626,3.881679,0.511450,0.903731,0.256474,0.150840,26.227296,16.679509,14.988018
-0.953125,0.257861,0.010913,10.832824,-1.324427,-2.320611,1.015538,0.304759,0.117153,30.108245,16.306155,19.280411
-1.032275,0.232275,0.111523,-15.825191,-2.683206,-5.435878,1.052685,0.324250,0.181958,30.887060,18.295741,13.976477
-0.891943,0.241699,-0.057471,11.138931,13.046565,8.445802,0.963154,0.281883,0.155082,25.875294,19.365072,17.245147
-0.932715,0.162085,-0.017651,-2.886260,-7.564885,-11.764122,0.962072,0.209156,0.061255,12.385488,14.330741,18.731185
-0.843335,0.245801,0.062524,-20.546565,11.580153,-6.027481,0.889361,0.288330,0.235792,31.565881,24.182163,16.192548
-0.969824,0.234888,-0.004077,14.246565,-4.670992,0.842748,1.025658,0.290516,0.157705,35.051007,19.859050,26.954926
-1.052856,0.205542,0.088525,-12.097710,-6.257252,-3.987023,1.069630,0.288643,0.178413,19.897469,14.709868,13.850756
-0.893506,0.243628,-0.037671,17.162595,14.697710,7.596183,0.969568,0.308767,0.185019,30.882386,26.503520,20.981002
-0.931885,0.129858,-0.014233,1.286260,-8.848092,-8.464122,0.961941,0.184991,0.075304,17.178297,14.986295,19.728023
-0.849658,0.245972,0.056714,-22.635115,7.947328,-6.125954,0.872785,0.274780,0.168255,26.519317,23.205551,15.252743
-0.958765,0.250562,0.021460,10.681679,-3.061069,2.912977,0.996898,0.289232,0.162769,29.305063,22.800188,24.279635
-1.047852,0.195044,0.095728,-20.018321,-5.596947,-6.454962,1.067995,0.288503,0.168098,28.207291,16.685575,16.207087
-0.908545,0.222754,-0.030518,12.097710,15.418321,8.078626,0.969314,0.263591,0.147956,29.651597,27.733577,20.781104
-0.912134,0.137671,-0.013135,-8.267939,-7.219084,-6.641221,0.937646,0.202351,0.065753,16.259175,15.684079,16.936726
-0.871387,0.261890,0.079932,-13.245802,4.451145,-4.209924,0.902707,0.300012,0.180602,21.392444,23.864884,14.609867
-0.962305,0.270654,-0.004541,9.854198,-1.262595,-0.400000,1.008693,0.306809,0.124057,29.719912,19.878573,23.731327
-1.037109,0.183276,0.092627,-16.700000,-3.003817,-2.159542,1.054094,0.269422,0.155934,27.018461,13.838140,16.204614
-0.919238,0.216333,-0.038086,4.577099,10.466412,6.252672,0.972119,0.282956,0.164814,34.813273,20.297464,19.907034
-0.892236,0.151660,0.003149,-0.855725,-3.271756,-4.897710,0.919182,0.199051,0.071637,11.357972,13.162477,14.483901
-0.878320,0.283789,0.082739,-21.362595,6.135115,-5.506107,0.911059,0.321767,0.188926,31.770133,24.231004,15.166677
-0.958130,0.263647,-0.003564,5.357252,-0.139695,-0.058015,1.000577,0.307464,0.169509,26.909798,21.922742,23.075115
-1.039893,0.202563,0.089355,-5.906107,-4.957252,-6.712214,1.067060,0.301472,0.195503,23.793172,13.468097,12.341761
-0.909717,0.196729,-0.051562,1.319084,13.090840,7.320611,0.971799,0.273651,0.184768,24.702799,22.658484,18.578727
-0.891162,0.148291,-0.008252,6.883206,-5.855725,-7.974046,0.917324,0.233407,0.084718,16.706207,14.334875,19.354068
-0.895166,0.283862,0.075732,-20.193130,6.729008,-3.554198,0.933091,0.311381,0.149993,26.978795,20.428467,16.851901
-0.969995,0.244189,-0.024780,12.183969,0.516031,-0.803053,1.014878,0.273646,0.162499,31.116323,19.267161,20.985774
-1.001660,0.191138,0.062939,-12.262595,-8.597710,-7.933588,1.024195,0.288898,0.140670,24.300042,17.940493,14.674581
-0.977466,0.183643,-0.037866,-0.649618,12.062595,5.184733,1.034659,0.195953,0.151667,28.754221,19.255229,16.531869
-0.831934,0.211816,0.007349,12.411450,-9.867176,-2.436641,0.859149,0.258212,0.072933,24.363729,22.915725,20.792080
-0.901514,0.166504,0.160864,-26.179389,10.120611,-5.190076,0.948273,0.322886,0.236031,31.953584,26.590973,17.731289
-1.000708,0.281787,-0.039526,11.558015,13.477099,3.433588,1.042873,0.322720,0.179238,28.002884,24.475078,23.998593
-0.947632,0.163379,0.034058,-0.829008,-17.380916,-10.841221,0.973595,0.250250,0.148927,16.903892,23.320796,20.200417
-0.926074,0.143701,-0.073853,-16.098473,17.022137,3.013740,0.965132,0.162546,0.189728,24.597931,21.655396,11.461384
-0.876636,0.238574,0.024170,11.906107,-11.402290,1.432824,0.910088,0.343972,0.122890,26.951061,23.794810,26.179206
-0.977173,0.205640,0.082251,-7.038168,8.732061,-7.235878,1.028198,0.348184,0.161942,24.441531,22.817663,21.656285
-0.998340,0.264502,-0.078101,0.232061,8.598473,2.372519,1.032813,0.303745,0.224011,27.003420,21.592840,17.461307
-0.927515,0.122656,0.044604,-7.180153,-14.681679,-9.341985,0.959131,0.239300,0.194556,24.825896,23.012835,17.377730
-0.935449,0.158911,-0.057227,-1.051145,13.969466,1.095420,0.982903,0.177852,0.177971,22.297119,22.036761,14.405058
-0.858057,0.212646,0.023901,-11.451145,-2.722137,1.628244,0.894669,0.290052,0.078142,21.913351,20.894450,24.680554
-0.982642,0.228955,0.092407,-12.398473,2.948855,-2.974809,1.033227,0.300901,0.218314,22.676948,28.427014,16.455945
-1.012622,0.259619,-0.027637,4.226718,7.285496,7.970992,1.071282,0.285281,0.189027,30.167502,17.605263,20.952844
-0.935571,0.166406,0.064111,-7.412977,-17.675573,-14.750382,0.976309,0.214413,0.218928,28.250679,27.977079,25.246614
-0.878467,0.169116,0.015479,-19.605344,14.648092,-0.382443,0.912785,0.218322,0.143540,35.294278,27.743387,10.910928
-0.890186,0.256250,0.070068,21.888550,-5.063359,-0.194656,0.939606,0.317026,0.110009,37.317939,25.398148,26.471682
-1.004346,0.222485,0.079687,-4.129008,1.215267,-3.874809,1.039079,0.295270,0.175024,22.671206,18.848303,15.318156
-0.980981,0.255713,-0.025952,7.424427,8.654962,9.794656,1.041564,0.293623,0.184205,22.401720,17.586245,17.417019
-0.921167,0.187744,0.019995,0.088550,-13.735115,-10.732061,0.958304,0.260425,0.124888,20.797938,24.718643,21.422328
-0.867407,0.215601,-0.006836,-13.014504,17.520611,-2.682443,0.899758,0.249788,0.170662,24.859146,27.247607,14.580584
-0.895776,0.238721,0.050439,6.806870,-2.661069,-2.101527,0.956508,0.300072,0.107348,37.873204,24.875027,26.440275
-1.022168,0.254810,0.086450,-18.969466,-0.667939,-1.550382,1.053230,0.309096,0.188537,26.650811,22.652148,14.576009
-0.949829,0.237305,-0.052124,10.658015,9.574809,6.725191,1.022430,0.289168,0.189333,34.387325,21.294777,20.435442
-0.912549,0.175684,-0.009863,-4.200000,-8.173282,-10.806107,0.942966,0.277863,0.088978,23.706792,19.177782,20.572275
-0.868091,0.210498,0.044824,-9.119084,6.920611,-6.227481,0.909983,0.241948,0.181372,20.360488,20.459024,18.349592
-0.939185,0.276392,0.037134,8.438168,-4.541985,2.574809,0.994332,0.335108,0.141609,29.821758,30.249586,30.476021
-1.055664,0.212646,0.103687,-10.577099,-3.568702,-6.087023,1.076351,0.292334,0.191346,22.219666,15.974572,16.292961
-0.885059,0.226001,-0.018555,7.139695,16.349618,9.078626,0.950502,0.277994,0.201023,26.738941,23.569660,21.887256
-0.922827,0.132495,-0.026050,-2.493893,-8.641985,-7.613740,0.943479,0.192844,0.069914,14.251427,19.884350,15.208904
-0.871216,0.261621,0.068872,-25.081679,13.073282,-4.368702,0.896649,0.300683,0.189641,34.441029,24.416484,15.357629
-0.953174,0.271387,-0.031885,12.422901,-3.675573,1.940458,0.996032,0.309006,0.207967,25.943158,32.474024,24.542497
-1.051050,0.197510,0.079297,-26.320611,-4.558015,-3.174046,1.065274,0.326363,0.169830,46.370955,23.098516,12.768726
-0.919336,0.183032,-0.050757,-2.621374,16.496947,2.781679,0.975362,0.243696,0.165628,28.988079,21.430796,14.829745
-0.881006,0.168774,-0.000098,-9.208397,-5.659542,-3.580916,0.907537,0.215173,0.079982,22.135265,21.553808,15.881576
-0.892944,0.241406,0.120825,-24.001527,7.932824,-2.806870,0.936740,0.333572,0.173771,40.576351,21.949738,14.578608
-0.995435,0.293652,-0.041504,4.429008,2.328244,2.296183,1.033660,0.334056,0.149493,26.874848,20.641291,24.493859
-0.976294,0.197632,0.071948,-15.468702,-10.143511,-8.329008,1.006742,0.269341,0.172184,24.783193,19.020119,15.535207
-0.917749,0.195630,-0.020703,-1.119847,16.080916,-1.602290,0.962828,0.227750,0.129685,15.109290,20.953214,12.382587
-0.847729,0.223022,0.055151,-3.110687,-3.466412,1.532824,0.869938,0.265534,0.084863,24.603793,22.927956,24.556083
-0.987500,0.233057,0.098462,-18.887786,2.573282,-3.090840,1.019574,0.287182,0.164732,30.186561,22.892574,13.293711
-0.969360,0.233301,-0.032202,2.434351,10.016794,6.576336,1.021194,0.280848,0.184423,32.012719,17.165513,19.670637
-0.922900,0.164282,-0.014233,-1.342748,-9.839695,-10.216794,0.951151,0.243408,0.043865,17.285703,18.633870,17.312501
-0.843896,0.226636,0.086450,-20.606107,11.693130,-3.174046,0.877392,0.255100,0.223668,27.229963,26.625370,14.110067
-0.947974,0.289380,0.010742,8.132824,-5.059542,2.765649,0.997653,0.316873,0.175070,27.877857,23.198467,24.162106
-1.039868,0.205957,0.068359,-1.122137,-3.368702,-9.773282,1.050840,0.316062,0.158134,24.994975,20.553278,21.262933
-0.891235,0.214941,-0.048901,14.653435,14.229008,8.775573,0.978369,0.257289,0.184981,23.064234,22.011749,21.563832
-0.922803,0.142017,-0.002905,-4.257252,-11.321374,-8.356489,0.960642,0.199968,0.067636,21.760525,20.563529,19.738198
-0.854663,0.278271,0.075732,-4.860305,4.299237,-5.296947,0.891355,0.335032,0.188724,23.035571,20.249676,15.301777
-0.977832,0.254663,0.025732,13.650382,-1.881679,-1.037405,1.037469,0.313174,0.173055,33.455919,23.080965,29.311053
-1.021484,0.221069,0.097510,-13.922901,-2.384733,-5.050382,1.042937,0.280813,0.148919,25.863465,16.628938,13.059881
-0.894531,0.208813,-0.074634,14.647328,8.952672,5.941221,0.959741,0.253742,0.124002,36.310168,29.095174,15.743138
-0.916650,0.119434,0.031250,-3.429771,-6.658779,-7.847328,0.943695,0.209437,0.093707,17.891623,17.943940,23.722689
-0.887061,0.224268,0.079932,-38.617557,11.778626,0.693130,0.925324,0.284665,0.208145,42.018023,24.459398,21.188937
-0.999561,0.232568,0.015894,-2.487023,2.537405,3.292366,1.050507,0.261256,0.180191,33.420885,22.498721,17.553486
-1.007349,0.185937,0.100171,-18.929771,-6.171756,-7.925954,1.038042,0.238123,0.186216,28.232737,15.601537,19.948643
-0.921899,0.180908,-0.050269,-19.665649,15.162595,6.566412,0.973706,0.209785,0.155935,37.630395,26.945793,19.194489
-0.831982,0.233545,0.048730,-3.669466,-2.235878,-3.982443,0.862895,0.312416,0.093731,21.529976,32.921836,15.104454
-0.947339,0.237988,0.128735,-28.649618,10.170229,-2.514504,0.976801,0.291140,0.179512,31.928251,24.103713,11.211665
-0.997876,0.251367,-0.020898,-5.874809,11.490076,4.298473,1.051527,0.267755,0.147982,31.251107,23.281820,19.954183
-0.907495,0.160034,0.080957,-29.686260,-9.429771,-6.026718,0.945323,0.217659,0.162777,34.827773,21.624416,13.795527
-0.911328,0.210864,-0.020483,-16.735115,14.942748,-2.487023,0.941064,0.248970,0.161602,31.952569,19.757966,12.020034
-0.877393,0.257373,0.081665,-7.347328,-1.858015,2.448855,0.927604,0.295234,0.147277,22.046182,18.598693,18.214096
-1.053271,0.262891,0.115698,-18.830534,-0.480916,-3.973282,1.075900,0.332275,0.224798,42.434533,24.322915,30.444378
-0.948511,0.223096,-0.050732,0.441985,14.625191,4.174046,1.017469,0.271544,0.199741,36.561833,19.626040,17.876547
-0.822119,0.191113,0.040967,-5.048092,-2.453435,-4.921374,0.836725,0.221793,0.082657,18.412955,23.494614,13.494264
-0.981812,0.253882,0.075342,-6.132061,0.812214,-11.361069,1.003036,0.307081,0.171660,17.192213,23.812645,19.387186
-0.918848,0.048560,-0.166724,-6.503053,7.863359,-2.080916,1.009594,0.176093,0.245213,76.691924,57.172674,40.574171
-0.889624,0.181641,0.044287,-0.283206,-16.370229,7.145802,0.925443,0.280164,0.204995,33.343505,22.386099,27.170792
-0.876709,0.247046,0.026343,-23.663359,10.509924,-4.995420,0.951107,0.322695,0.191332,33.306460,35.569945,21.704142
-0.947217,0.299683,0.029639,28.337405,-14.683969,2.865649,1.013762,0.382770,0.164474,35.599379,29.310863,27.178102
-1.076489,0.251245,0.108984,-12.537405,1.751908,-9.174046,1.101905,0.393401,0.247577,39.736248,16.911018,18.038520
-0.916162,0.244238,-0.024048,-5.245038,13.935115,15.829008,0.993693,0.332530,0.201014,28.888050,34.957607,31.487063
-0.770190,0.234546,0.079736,12.367939,-6.469466,-18.622901,0.785597,0.271887,0.095525,24.980405,14.147814,20.545583
-0.994873,0.273145,0.072949,-21.121374,6.935878,-7.482443,1.034695,0.319779,0.199100,26.598491,26.492543,19.661224
-0.969922,0.239551,-0.098804,4.741221,9.922137,7.964885,1.003699,0.282022,0.192938,24.944009,27.081324,15.422022
-0.940796,0.136060,0.015576,0.836641,-17.416794,-11.448855,0.965137,0.178653,0.127068,12.680154,20.198504,16.662810
-0.869507,0.205591,-0.006909,-20.298473,16.525191,0.373282,0.902153,0.257737,0.161919,22.663953,24.412053,12.618768
-0.929834,0.263965,-0.001074,15.893130,-8.271756,-2.253435,0.970031,0.286192,0.138420,24.559163,29.718255,18.413168
-1.037427,0.193237,0.091650,-12.175573,-1.035115,-1.400000,1.047899,0.312683,0.176233,29.326971,21.451737,23.459871
-0.909888,0.239209,-0.054053,0.262595,17.603817,4.404580,0.958957,0.324932,0.208537,30.756088,25.552629,15.941101
-0.921240,0.109814,-0.028369,4.077099,-13.407634,-6.624427,0.949240,0.168755,0.071976,20.720097,16.480112,17.251581
-0.875317,0.243286,0.067505,-14.664885,6.107634,-7.369466,0.908925,0.286904,0.180331,23.591664,27.008011,12.468606
-0.984595,0.262793,-0.015576,5.421374,3.703053,4.015267,1.066123,0.304901,0.160519,32.105704,27.702403,28.744862
-0.982861,0.187817,0.064600,-18.290840,-11.744275,-4.362595,1.006214,0.264623,0.168396,25.081986,20.820863,20.884469
-0.761719,0.124585,-0.052686,1.588550,10.709160,-14.571756,0.785631,0.179593,0.149112,13.517822,15.458538,17.883417
-1.030054,0.096240,-0.067334,5.396183,-2.305344,9.846565,1.103539,0.170906,0.294771,61.973390,60.119972,56.702089
-1.032983,0.228760,0.088794,-6.562595,-4.004580,3.398473,1.058378,0.314762,0.243211,26.046467,29.147247,17.954678
-0.928296,0.258179,-0.029321,5.588550,9.393893,5.929771,1.048551,0.319380,0.167736,48.413039,29.617743,22.253633
-0.897876,0.168896,0.011426,11.548855,-5.761069,-6.435115,0.973301,0.230856,0.096619,24.431708,20.227343,25.668651
-0.827100,0.369946,0.161060,-19.858015,8.825954,-3.488550,0.867943,0.444580,0.297880,50.313343,34.695290,20.032937
-1.035352,0.319800,0.028442,8.162595,-10.964885,6.532824,1.093408,0.425058,0.163167,34.301239,24.587775,42.822256
-0.842627,0.198364,0.052759,-6.764885,3.051145,-10.176336,0.873036,0.234584,0.126671,18.846533,13.667101,15.574836
-0.859277,0.239575,0.057935,-20.779389,9.984733,-10.606870,0.883456,0.269842,0.210171,28.883237,26.010295,24.298855
-0.980737,0.255371,0.062598,17.231298,-6.494656,3.163359,1.045475,0.299019,0.130542,29.761809,24.243969,22.579726
-1.029199,0.148364,0.118335,-12.902290,-2.294656,-2.351908,1.043384,0.214295,0.203552,35.835351,22.662929,19.783164
-0.946094,0.188696,-0.041406,-27.369466,21.546565,4.125191,0.994757,0.215974,0.137344,43.671924,26.430871,16.207112
-0.829224,0.222510,0.042676,-0.751908,-7.074809,-4.469466,0.841616,0.270790,0.065737,20.339712,28.127375,19.074605
-0.973706,0.184619,0.096777,-35.605344,13.599237,-0.549618,0.997824,0.231084,0.187350,51.966992,31.153291,20.756342
-0.967993,0.257520,-0.033203,-8.450382,13.547328,4.887023,1.004474,0.283987,0.174053,31.944208,27.643748,16.853875
-0.931372,0.135229,0.018823,-13.985496,-14.649618,-6.561832,0.948023,0.218605,0.062938,22.053736,25.128377,21.560697
-0.868945,0.219678,0.056274,-43.542748,19.767176,-1.478626,0.885045,0.238063,0.180090,46.822243,26.860936,15.368309
-0.945361,0.236670,0.006836,-1.502290,-3.673282,-0.461832,0.991649,0.296170,0.127045,22.068444,22.561421,21.103766
-1.035815,0.203101,0.104004,-8.217557,-6.600763,-6.757252,1.046813,0.297372,0.173702,28.809543,17.016833,14.927833
-0.928735,0.204932,-0.044360,-4.351908,18.212977,6.160305,0.971224,0.247934,0.145603,26.851350,22.718217,16.987937
-0.863477,0.191943,0.034717,6.929771,-11.395420,-0.129008,0.881455,0.241831,0.051480,19.613244,24.273270,19.335429
-0.922803,0.243457,0.092969,-26.058015,12.653435,-15.038931,0.954836,0.296111,0.181651,29.271963,30.043300,20.321220
-1.010059,0.243018,-0.044434,7.943511,3.341985,8.270229,1.030224,0.281609,0.172496,20.426134,17.504578,14.649941
-0.924243,0.146704,0.050928,4.614504,-18.187023,-7.919084,0.943304,0.285855,0.106241,29.707919,22.520363,14.643239
-0.901196,0.193652,-0.002393,-34.035115,21.339695,0.520611,0.921327,0.231114,0.151979,41.716351,27.408979,18.337675
-0.933691,0.232983,0.002271,2.946565,-3.951908,2.251908,0.967554,0.278379,0.113192,25.027995,23.743233,22.754159
-1.007446,0.210669,0.082861,-3.977099,-4.238931,-10.674809,1.028432,0.315487,0.140517,21.883104,16.411107,17.199216
-0.920068,0.200928,-0.071021,0.790076,15.304580,9.551145,0.949603,0.241503,0.168558,20.045396,18.453681,16.193424
-0.933618,0.138135,0.000269,13.863359,-12.937405,-7.890840,0.952663,0.202380,0.067511,24.298982,18.893238,15.987369
-0.890332,0.239478,0.085132,-33.010687,5.126718,-1.211450,0.923270,0.268370,0.169141,35.177984,21.270788,14.818090
-0.989697,0.300781,0.003052,13.909160,2.517557,2.038168,1.022349,0.335207,0.121340,25.265392,17.005480,16.483642
-0.952148,0.171313,0.056494,7.131298,-13.983969,-11.479389,0.968309,0.246673,0.140781,20.157634,20.934101,13.954927
-0.924097,0.191211,-0.063647,-8.009160,16.667176,1.303053,0.941028,0.205211,0.148048,21.825780,22.581343,10.428360
-0.900757,0.201440,0.073291,6.662595,-7.620611,1.129771,0.927858,0.253133,0.104939,31.052218,28.131167,20.909940
-1.009790,0.238208,0.103613,-13.327481,2.841221,-6.106870,1.031355,0.302929,0.164906,23.118513,18.552120,17.227026
-0.921484,0.220728,-0.030469,-2.290840,14.582443,3.189313,0.953007,0.249001,0.131198,18.285657,18.918951,11.627585
-0.922266,0.168164,0.006445,13.656489,-9.896947,-4.425191,0.931241,0.204006,0.036574,20.067462,13.945637,15.855931
-0.938696,0.233179,0.048657,-14.809160,6.358015,-4.528244,0.944587,0.255864,0.132077,18.264836,18.128923,14.222871
-0.945947,0.230200,-0.044165,-2.093893,8.551145,0.079389,0.969313,0.262728,0.105708,20.450870,17.483111,14.978612
-0.925513,0.133350,0.026465,-3.635115,-11.830534,-12.140458,0.930648,0.205091,0.059445,19.267848,17.162770,18.890655
-0.926123,0.170386,-0.038330,-16.967939,9.527481,2.325191,0.937766,0.191173,0.118425,23.622147,16.835640,9.959651
-0.923853,0.230029,0.049316,-4.969466,-0.227481,-2.377863,0.950173,0.276332,0.093361,22.727323,21.282201,18.120391
-1.007178,0.198291,0.080371,-20.003053,-0.981679,-3.925954,1.021908,0.245114,0.149031,27.606139,11.763031,13.309572
-0.925781,0.213867,-0.039990,1.874046,13.775573,4.318321,0.954334,0.244729,0.115984,16.967367,20.721699,11.097935
-0.889136,0.159497,0.023901,-5.358015,-6.007634,-2.725954,0.897572,0.191619,0.078712,11.120421,11.803040,10.370099
-0.955933,0.221509,0.065186,-18.413740,6.764122,-5.248092,0.979861,0.260842,0.145285,21.134557,19.351284,10.599332
-0.981763,0.260547,-0.017358,2.101527,4.396947,5.559542,1.013560,0.297108,0.113336,23.335992,13.283579,12.980317
-0.931299,0.132568,0.010303,-3.671756,-9.129008,-8.472519,0.943223,0.169025,0.128275,8.383225,14.079404,15.768043
-0.876733,0.214844,0.016333,-18.317557,13.753435,-3.645802,0.889046,0.249197,0.122978,24.905826,18.101222,14.231146
-0.966113,0.237158,0.003345,6.020611,-1.048092,1.379389,1.002899,0.274915,0.096421,20.908644,15.794359,18.283932
-1.014795,0.211108,0.041895,-14.141221,-3.917557,-9.290076,1.030694,0.278909,0.127109,25.861484,11.163746,13.137778
-0.961450,0.149683,-0.057886,5.694656,8.867176,4.978626,0.997002,0.185970,0.143749,21.772301,14.346028,12.847032
-0.837842,0.199976,0.009180,9.993893,-8.802290,-1.505344,0.847044,0.265959,0.076129,20.180514,15.539378,17.722901
-0.954810,0.241284,0.089111,-14.433588,5.358015,-1.712214,0.983546,0.281434,0.180649,25.706002,16.770381,9.366663
-0.986304,0.228101,-0.025635,11.704580,8.038931,-1.484733,1.008244,0.307869,0.133154,29.045479,15.077611,15.153025
-0.926172,0.121558,0.033740,-22.487023,-9.147328,-4.814504,0.945800,0.177838,0.127548,27.861898,14.043767,9.599626
-0.887207,0.247998,0.024658,-17.722137,9.584733,1.174809,0.898571,0.281309,0.125555,22.806377,11.450256,9.568980
-0.947168,0.238672,0.017798,14.427481,-4.129771,-0.454962,0.974807,0.299693,0.105538,24.753847,15.950621,18.995624
-1.026123,0.231348,0.087524,-6.798473,-3.045038,-9.831298,1.042798,0.281558,0.147816,16.283389,16.036353,13.556639
-0.905225,0.205640,-0.057227,24.460305,10.818321,5.108397,0.953698,0.219208,0.122751,27.531420,16.857409,10.436578
-0.913110,0.148584,-0.013477,-0.540458,-7.874809,-4.019084,0.927425,0.208811,0.089054,13.451052,15.176660,15.142229
-0.921313,0.253491,0.088037,-25.556489,9.396183,-1.223664,0.938914,0.297370,0.158255,32.508530,22.509787,12.395994
-0.964185,0.268726,0.016943,-1.380916,2.481679,1.948092,0.994525,0.294300,0.127556,26.952758,19.931111,18.738428
-0.978760,0.193872,0.069385,-19.899237,-5.573282,-10.835115,0.994469,0.278168,0.138467,26.948697,11.793445,17.158502
-0.923413,0.174438,-0.039380,6.804580,8.903817,-0.358779,0.948470,0.188833,0.112582,15.334804,14.605686,4.271821
-0.873364,0.241968,0.054053,20.988550,-6.887786,4.663359,0.894067,0.296232,0.106944,27.205492,18.943320,14.721200
-0.986230,0.246680,0.084180,-17.135115,2.312977,-7.467176,1.008456,0.280443,0.153804,23.769834,16.914806,10.446175
-0.946167,0.225415,-0.053101,11.981679,7.730534,5.460305,0.977279,0.282871,0.110610,26.173371,12.511375,12.671424
-0.939697,0.145703,0.004858,-7.946565,-8.155725,-7.304580,0.955747,0.190336,0.069415,14.995998,13.506830,17.194964
-0.875879,0.225635,0.049487,-14.540458,14.171756,-5.268702,0.895257,0.252114,0.177660,21.892554,21.529488,15.259274
-0.989624,0.223730,-0.008545,12.296947,0.998473,-0.431298,1.019111,0.277611,0.111164,18.775733,15.475113,14.586521
-0.991455,0.184888,0.014917,-14.540458,-0.360305,-10.984733,1.008780,0.290613,0.106293,25.111480,17.053610,20.575425
-0.953638,0.157300,-0.086865,13.756489,4.945038,3.830534,0.980327,0.190260,0.118606,19.099137,10.704343,10.959757
-0.872632,0.182446,-0.010107,7.174809,-4.625954,1.892366,0.894502,0.233580,0.047442,8.728520,12.545589,18.409135
-0.972827,0.215234,0.009106,-11.832061,-3.222901,-4.977863,0.987144,0.296856,0.077324,22.963885,14.226284,11.891425
-0.969409,0.214185,-0.063135,9.155725,3.712214,5.355725,0.983485,0.259337,0.093310,19.280986,8.445541,13.768403
-0.905005,0.201196,0.035596,14.037405,-9.193893,-5.527481,0.916296,0.221223,0.066833,19.193974,13.009589,18.002839